entity_id,2017-04-20,2017-04-24,2017-04-25,2017-04-26,2017-04-28,2017-05-01,2017-05-03,2017-05-05,2017-05-08,2017-05-10,2017-05-12,2017-05-15
17ASH20001,40,70,,100,100,100,100,100,100,100,100,100
17ASH20002,0,20,,40,60,90,100,100,100,100,100,100
17ASH20003,0,0,,0,0,10,40,60,100,100,100,100
17ASH20004,10,30,,40,50,80,100,100,100,100,100,100
17ASH20005,0,20,,40,50,80,90,100,100,100,100,100
17ASH20006,0,0,,0,0,0,10,10,10,10,10,10
17ASH20007,0,0,,10,30,50,70,90,100,100,100,100
17ASH20008,0,10,,10,20,50,70,90,100,100,100,100
17ASH20009,0,0,,0,10,40,60,80,100,100,100,100
17ASH20010,0,10,,30,20,30,40,40,30,30,40,50
17ASH20011,0,0,,0,20,40,60,80,100,100,100,100
17ASH20012,0,0,,0,0,0,10,10,30,50,60,80
17ASH20013,0,0,,20,30,60,90,100,100,100,100,100
17ASH20014,0,20,,40,50,80,100,100,100,100,100,100
17ASH20015,0,0,,10,30,50,80,100,100,100,100,100
17ASH20016,20,50,,50,60,90,100,100,100,100,100,100
17ASH20017,0,0,,20,40,70,90,90,90,100,100,100
17ASH20018,0,0,,0,0,0,0,0,10,20,30,60
17ASH20019,0,20,,40,50,70,90,100,100,100,100,100
17ASH20020,0,0,,10,10,30,30,30,20,20,30,60
17ASH20021,10,20,,40,70,100,100,100,100,100,100,100
17ASH20022,10,50,,70,80,100,100,100,100,100,100,100
17ASH20023,0,10,,30,40,50,80,90,100,100,100,100
17ASH20024,0,0,,0,10,10,40,60,90,100,100,100
17ASH20025,0,0,,0,0,0,10,10,10,20,50,80
17ASH20026,0,20,,40,50,80,100,100,100,100,100,100
17ASH20027,0,0,,20,20,30,30,30,30,30,40,60
17ASH20028,0,0,,0,10,20,30,30,60,90,90,100
17ASH20029,0,0,,10,20,30,70,90,100,100,100,100
17ASH20030,0,30,,40,50,80,100,100,100,100,100,100
17ASH20031,0,40,,50,70,100,100,100,100,100,100,100
17ASH20032,0,20,,40,50,90,100,100,100,100,100,100
17ASH20033,10,50,,70,80,100,100,100,100,100,100,100
17ASH20034,0,10,,40,50,80,100,100,100,100,100,100
17ASH20035,0,0,,10,10,10,10,10,30,60,80,100
17ASH20036,0,30,,40,50,90,100,100,100,100,100,100
17ASH20037,0,0,,0,0,0,10,20,50,80,90,100
17ASH20038,30,60,,70,80,100,100,100,100,100,100,100
17ASH20039,0,0,,30,50,70,90,100,100,100,100,100
17ASH20040,0,0,,10,30,50,80,90,100,100,100,100
17ASH20041,0,20,,40,50,70,90,100,100,100,100,100
17ASH20042,0,0,,0,0,0,10,10,30,30,50,80
17ASH20043,0,0,,10,30,40,70,90,100,100,100,100
17ASH20044,0,0,,20,20,30,30,30,40,40,50,70
17ASH20045,0,0,,20,30,50,80,90,100,100,100,100
17ASH20046,40,70,,100,100,100,100,100,100,100,100,100
17ASH20047,0,20,,40,60,90,100,100,100,100,100,100
17ASH20048,0,40,,70,70,90,100,100,100,100,100,100
17ASH20049,0,0,,10,20,20,40,60,90,100,100,100
17ASH20050,0,10,,30,40,50,70,90,100,100,100,100
17ASH20051,0,40,,60,80,100,100,100,100,100,100,100
17ASH20052,0,40,,70,70,90,100,100,100,100,100,100
17ASH20053,10,40,,60,70,100,100,100,100,100,100,100
17ASH20054,0,20,,40,60,90,100,100,100,100,100,100
17ASH20055,0,20,,30,50,80,100,100,100,100,100,100
17ASH20056,0,20,,40,50,80,100,100,100,100,100,100
17ASH20057,0,0,,0,0,0,10,10,40,70,90,100
17ASH20058,0,10,,30,40,50,70,90,100,100,100,100
17ASH20059,0,20,,40,60,100,100,100,100,100,100,100
17ASH20060,0,0,,10,10,20,20,30,30,30,50,80
17ASH20061,0,40,,60,80,100,100,100,100,100,100,100
17ASH20062,0,0,,0,0,0,0,0,30,50,70,90
17ASH20063,0,0,,20,20,20,50,60,100,100,100,100
17ASH20064,0,30,,40,50,70,100,100,100,100,100,100
17ASH20065,0,10,,40,60,100,100,100,100,100,100,100
17ASH20066,0,0,,10,30,40,60,70,100,100,100,100
17ASH20067,0,10,,20,30,50,70,80,100,100,100,100
17ASH20068,0,30,,50,60,90,100,100,100,100,100,100
17ASH20069,0,0,,0,0,0,0,0,10,20,40,70
17ASH20070,0,10,,40,60,100,100,100,100,100,100,100
17ASH20071,20,40,,70,70,100,100,100,100,100,100,100
17ASH20072,0,0,,0,0,0,10,10,40,50,60,90
17ASH20073,0,10,,30,50,80,100,100,100,100,100,100
17ASH20074,0,0,,0,0,0,0,20,60,80,90,100
17ASH20075,0,0,,0,0,0,0,0,10,30,50,80
17ASH20076,10,50,,70,70,100,100,100,100,100,100,100
17ASH20077,20,60,,70,70,100,100,100,100,100,100,100
17ASH20078,,0,,0,0,0,0,0,10,30,60,90
17ASH20079,0,20,,50,60,90,100,100,100,100,100,100
17ASH20080,0,0,,10,10,20,20,20,10,30,50,70
17ASH20081,0,40,,60,70,100,100,100,100,100,100,100
17ASH20082,0,0,,0,0,0,0,0,0,10,40,70
17ASH20083,0,0,,20,20,40,60,80,100,100,100,100
17ASH20084,0,0,,30,40,60,90,100,100,100,100,100
17ASH20085,0,10,,40,50,90,100,100,100,100,100,100
17ASH20086,0,0,,0,0,10,20,30,50,80,100,100
17ASH20087,0,20,,40,50,70,100,100,100,100,100,100
17ASH20088,0,0,,0,0,10,20,20,50,80,100,100
17ASH20089,10,40,,70,70,100,100,100,100,100,100,100
17ASH20090,0,0,,0,0,0,0,20,50,80,100,100
17ASH20091,0,0,,0,,,,,,,,
17ASH20092,0,0,,0,,,,,,,,
17ASH20093,0,0,,0,0,10,10,10,10,20,50,80
17ASH20094,0,0,,20,30,60,70,90,100,100,100,100
17ASH20095,0,10,,40,50,90,100,100,100,100,100,100
17ASH20096,0,0,,10,10,40,80,100,100,100,100,100
17ASH20097,20,60,,70,70,100,100,100,100,100,100,100
17ASH20098,0,20,,40,50,60,90,100,100,100,100,100
17ASH20099,0,0,,0,0,0,0,0,30,50,80,100
17ASH20100,0,0,,0,0,10,40,50,90,100,100,100
17ASH20101,0,0,,0,10,30,60,90,100,100,100,100
17ASH20102,0,20,,40,40,60,90,90,100,100,100,100
17ASH20103,0,30,,50,50,80,100,100,100,100,100,100
17ASH20104,0,10,,10,10,20,20,30,50,70,100,100
17ASH20105,20,60,,100,100,100,100,100,100,100,100,100
17ASH20106,0,10,,30,40,60,90,100,100,100,100,100
17ASH20107,10,50,,70,80,100,100,100,100,100,100,100
17ASH20108,0,0,,20,30,60,90,100,100,100,100,100
17ASH20109,30,70,,100,100,100,100,100,100,100,100,100
17ASH20110,0,0,,0,0,0,0,0,0,10,30,40
17ASH20111,0,0,,0,10,30,70,90,100,100,100,100
17ASH20112,0,0,,0,0,0,0,10,40,60,80,100
17ASH20113,0,0,,10,10,20,30,30,30,50,70,70
17ASH20114,0,0,,0,10,20,50,60,90,100,100,100
17ASH20115,0,40,,60,70,100,100,100,100,100,100,100
17ASH20116,0,0,,20,30,50,80,90,100,100,100,100
17ASH20117,0,20,,30,50,70,90,100,100,100,100,100
17ASH20118,0,0,,0,0,0,0,0,10,40,70,90
17ASH20119,30,60,,70,80,100,100,100,100,100,100,100
17ASH20120,0,0,,0,0,0,10,20,60,90,100,100
17ASH20121,0,10,,30,50,90,100,100,100,100,100,100
17ASH20122,0,0,,10,20,40,70,100,100,100,100,100
17ASH20123,0,0,,10,10,30,60,90,100,100,100,100
17ASH20124,0,0,,10,20,40,60,90,100,100,100,100
17ASH20125,0,0,,20,40,80,100,100,100,100,100,100
17ASH20126,0,10,,40,60,90,100,100,100,100,100,100
17ASH20127,,10,,30,50,80,100,100,100,100,100,100
17ASH20128,0,10,,40,50,90,100,100,100,100,100,100
17ASH20129,0,0,,0,0,0,0,10,50,80,100,100
17ASH20130,0,0,,0,20,40,60,70,70,100,100,100
17ASH20131,0,0,,10,30,60,90,90,100,100,100,100
17ASH20132,0,0,,20,20,40,60,80,90,100,100,100
17ASH20133,0,0,,20,20,50,60,70,100,100,100,100
17ASH20134,0,30,,60,70,100,100,100,100,100,100,100
17ASH20135,0,10,,50,70,100,100,100,100,100,100,100
17ASH20136,0,0,,0,0,0,10,10,20,50,60,80
17ASH20137,0,10,,40,50,80,100,100,100,100,100,100
17ASH20138,0,30,,50,60,100,100,100,100,100,100,100
17ASH20139,0,0,,10,20,50,80,100,100,100,100,100
17ASH20140,0,0,,10,10,20,20,20,20,30,60,80
17ASH20141,0,10,,40,50,80,100,100,100,100,100,100
17ASH20142,0,0,,20,60,80,100,100,100,100,100,100
17ASH20143,,10,,30,40,50,70,80,100,100,100,100
17ASH20144,0,40,,60,60,100,100,100,100,100,100,100
17ASH20145,0,30,,50,60,90,100,100,100,100,100,100
17ASH20146,0,20,,50,60,100,100,100,100,100,100,100
17ASH20147,10,40,,60,70,100,100,100,100,100,100,100
17ASH20148,0,0,,0,0,10,10,10,10,40,50,80
17ASH20149,0,30,,60,80,100,100,100,100,100,100,100
17ASH20150,0,30,,60,70,100,100,100,100,100,100,100
17ASH20151,20,60,,100,100,100,100,100,100,100,100,100
17ASH20152,0,0,,0,0,10,40,50,90,100,100,100
17ASH20153,0,40,,60,70,90,100,100,100,100,100,100
17ASH20154,0,10,,30,40,50,70,80,80,100,100,100
17ASH20155,0,0,,0,0,0,10,10,50,70,90,100
17ASH20156,0,20,,50,60,90,100,100,100,100,100,100
17ASH20157,0,20,,50,60,90,100,100,100,100,100,100
17ASH20158,0,0,,0,0,0,0,0,0,20,50,80
17ASH20159,60,100,,100,100,100,100,100,100,100,100,100
17ASH20160,20,60,,80,100,100,100,100,100,100,100,100
17ASH20161,10,50,,80,100,100,100,100,100,100,100,100
17ASH20162,10,40,,70,100,100,100,100,100,100,100,100
17ASH20163,0,0,,0,10,10,20,30,30,30,50,70
17ASH20164,0,0,,0,10,20,50,50,70,90,100,100
17ASH20165,0,0,,0,10,30,60,80,100,100,100,100
17ASH20166,20,70,,100,100,100,100,100,100,100,100,100
17ASH20167,0,0,,0,0,0,0,0,20,50,60,80
17ASH20168,0,0,,0,0,0,10,10,20,30,40,60
17ASH20169,0,10,,30,50,80,100,100,100,100,100,100
17ASH20170,0,40,,70,100,100,100,100,100,100,100,100
17ASH20171,0,40,,60,80,100,100,100,100,100,100,100
17ASH20172,0,30,,50,70,90,100,100,100,100,100,100
17ASH20173,0,0,,0,0,10,20,20,40,70,90,100
17ASH20174,0,40,,70,80,100,100,100,100,100,100,100
17ASH20175,20,50,,70,80,100,100,100,100,100,100,100
17ASH20176,30,70,,100,100,100,100,100,100,100,100,100
17ASH20177,0,0,,0,0,0,20,20,20,50,70,100
17ASH20178,0,0,,10,0,10,30,30,40,40,50,70
17ASH20179,40,70,,100,100,100,100,100,100,100,100,100
17ASH20180,0,10,,30,40,80,100,100,100,100,100,100
17ASH20181,0,20,,40,60,90,100,100,100,100,100,100
17ASH20182,0,0,,10,20,40,70,70,100,100,100,100
17ASH20183,0,0,,10,20,40,60,60,80,100,100,100
17ASH20184,50,70,,100,100,100,100,100,100,100,100,100
17ASH20185,10,40,,60,100,100,100,100,100,100,100,100
17ASH20186,0,30,,50,70,100,100,100,100,100,100,100
17ASH20187,0,0,,40,70,90,100,100,100,100,100,100
17ASH20188,0,0,,10,10,40,60,70,100,100,100,100
17ASH20189,0,0,,10,10,10,10,10,10,10,30,30
17ASH20190,0,0,,0,0,0,0,0,20,50,70,90
17ASH20191,0,0,,40,60,100,100,100,100,100,100,100
17ASH20192,0,20,,0,0,10,10,10,50,70,90,100
17ASH20193,0,0,,0,0,0,0,0,10,40,60,80
17ASH20194,0,0,,40,60,90,100,100,100,100,100,100
17ASH20195,0,20,,0,0,0,0,10,40,60,80,100
17ASH20196,0,0,,20,50,90,100,100,100,100,100,100
17ASH20197,0,0,,0,10,30,60,60,90,100,100,100
17ASH20198,0,0,,20,30,60,90,100,100,100,100,100
17ASH20199,0,0,,0,0,0,0,0,30,50,70,90
17ASH20200,0,40,,60,80,100,100,100,100,100,100,100
17ASH20201,20,60,,70,80,100,100,100,100,100,100,100
17ASH20202,0,0,,0,0,0,0,0,10,10,20,50
17ASH20203,30,70,,100,100,100,100,100,100,100,100,100
17ASH20204,0,10,,30,50,80,100,100,100,100,100,100
17ASH20205,0,30,,60,80,100,100,100,100,100,100,100
17ASH20206,0,40,,60,80,100,100,100,100,100,100,100
17ASH20207,0,0,,10,10,40,70,80,100,100,100,100
17ASH20208,0,0,,20,10,30,40,40,40,40,60,90
17ASH20209,0,10,,30,50,80,100,100,100,100,100,100
17ASH20210,0,0,,10,10,30,60,80,100,100,100,100
17ASH20211,0,0,,20,30,60,90,100,100,100,100,100
17ASH20212,0,0,,30,40,60,90,100,100,100,100,100
17ASH20213,0,0,,0,0,10,10,10,20,50,80,100
17ASH20214,0,0,,30,50,90,100,100,100,100,100,100
17ASH20215,0,0,,20,30,50,80,90,100,100,100,100
17ASH20216,0,0,,30,40,80,100,100,100,100,100,100
17ASH20217,10,40,,60,70,100,100,100,100,100,100,100
17ASH20218,10,40,,50,60,80,100,100,100,100,100,100
17ASH20219,0,10,,40,60,90,100,100,100,100,100,100
17ASH20220,10,40,,60,60,100,100,100,100,100,100,100
17ASH20221,0,0,,0,,,,,,,,100
17ASH20222,0,10,,30,40,70,90,100,100,100,100,100
17ASH20223,0,40,,60,60,100,100,100,100,100,100,100
17ASH20224,0,20,,30,40,70,100,100,100,100,100,100
17ASH20225,0,30,,50,50,80,100,100,100,100,100,100
17ASH20226,0,10,,40,40,60,80,90,100,100,100,100
17ASH20227,0,40,,50,50,90,100,100,100,100,100,100
17ASH20228,0,30,,60,70,100,100,100,100,100,100,100
17ASH20229,10,50,,70,80,100,100,100,100,100,100,100
17ASH20230,0,10,,20,20,20,30,30,30,30,40,60
17ASH20231,0,0,,10,10,20,40,40,60,90,100,100
17ASH20232,0,0,,0,0,0,0,0,10,40,70,100
17ASH20233,0,0,,0,0,0,10,10,10,30,50,80
17ASH20234,0,0,,0,0,0,0,0,20,60,90,100
17ASH20235,0,0,,20,30,60,90,80,100,100,100,100
17ASH20236,0,10,,20,30,50,80,80,100,100,100,100
17ASH20237,10,20,,50,60,90,100,100,100,100,100,100
17ASH20238,10,40,,60,80,100,100,100,100,100,100,100
17ASH20239,0,10,,50,60,100,100,100,100,100,100,100
17ASH20240,0,0,,20,40,60,90,90,100,100,100,100
17ASH20241,0,20,,40,60,90,100,100,100,100,100,100
17ASH20242,0,10,,30,50,80,100,100,100,100,100,100
17ASH20243,0,0,,10,30,60,90,100,100,100,100,100
17ASH20244,0,0,,0,10,30,60,80,100,100,100,100
17ASH20245,0,30,,50,60,90,100,100,100,100,100,100
17ASH20246,0,10,,40,50,100,100,100,100,100,100,100
17ASH20247,0,10,,40,40,80,100,100,100,100,100,100
17ASH20248,30,70,,100,100,100,100,100,100,100,100,100
17ASH20249,40,70,,100,100,100,100,100,100,100,100,100
17ASH20250,0,0,,0,10,20,50,60,90,100,100,100
17ASH20251,0,0,,30,40,60,100,100,100,100,100,100
17ASH20252,0,20,,50,50,80,100,100,100,100,100,100
17ASH20253,10,40,,70,80,100,100,100,100,100,100,100
17ASH20254,0,30,,50,60,80,100,100,100,100,100,100
17ASH20255,0,20,,40,60,100,100,100,100,100,100,100
17ASH20256,0,0,,10,30,50,80,80,100,100,100,100
17ASH20257,0,10,,40,60,100,100,100,100,100,100,100
17ASH20258,0,20,,50,60,100,100,100,100,100,100,100
17ASH20259,0,10,,40,50,90,100,100,100,100,100,100
17ASH20260,0,0,,0,0,0,0,10,50,70,90,100
17ASH20261,0,0,,20,50,80,100,100,100,100,100,100
17ASH20262,0,30,,50,60,100,100,100,100,100,100,100
17ASH20263,0,0,,10,30,60,90,100,100,100,100,100
17ASH20264,0,0,,10,10,30,40,50,80,100,100,100
17ASH20265,20,40,,60,60,100,100,100,100,100,100,100
17ASH20266,0,20,,30,40,80,100,100,100,100,100,100
17ASH20267,20,50,,70,70,100,100,100,100,100,100,100
17ASH20268,0,0,,0,10,30,60,70,100,100,100,100
17ASH20269,0,0,,10,10,20,30,50,90,100,100,100
17ASH20270,0,0,,0,0,0,10,10,10,20,30,50
17ASH20271,0,0,,10,10,20,50,70,100,100,100,100
17ASH20272,0,20,,50,60,100,100,100,100,100,100,100
17ASH20273,0,10,,20,20,30,30,30,50,60,70,100
17ASH20274,10,40,,60,70,100,100,100,100,100,100,100
17ASH20275,0,0,,0,0,0,0,0,0,30,50,80
17ASH20276,0,0,,10,20,40,80,100,100,100,100,100
17ASH20277,0,0,,20,30,40,70,90,100,100,100,100
17ASH20278,0,20,,40,60,100,100,100,100,100,100,100
17ASH20279,0,10,,40,50,80,100,100,100,100,100,100
17ASH20280,0,0,,0,0,0,10,10,10,40,50,80
17ASH20281,30,70,,100,100,100,100,100,100,100,100,100
17ASH20282,0,20,,40,60,90,100,100,100,100,100,100
17ASH20283,0,0,,0,0,0,0,0,10,30,50,70
17ASH20284,10,40,,50,70,100,100,100,100,100,100,100
17ASH20285,0,0,,10,20,50,90,100,100,100,100,100
17ASH20286,40,60,,100,100,100,100,100,100,100,100,100
17ASH20287,0,30,,60,70,100,100,100,100,100,100,100
17ASH20288,0,10,,20,20,20,30,30,30,50,60,80
17ASH20289,0,0,,0,0,0,0,0,10,50,70,90
17ASH20290,0,0,,0,0,10,40,60,90,100,100,100
17ASH20291,0,0,,20,30,50,80,100,100,100,100,100
17ASH20292,0,20,,40,50,90,100,100,100,100,100,100
17ASH20293,0,30,,50,70,100,100,100,100,100,100,100
17ASH20294,0,30,,50,60,100,100,100,100,100,100,100
17ASH20295,0,30,,60,80,100,100,100,100,100,100,100
17ASH20296,0,0,,0,0,0,0,10,40,60,80,100
17ASH20297,0,0,,0,10,40,50,60,90,80,100,100
17ASH20298,0,0,,10,10,30,40,40,50,60,80,100
17ASH20299,0,0,,10,20,40,70,100,100,100,100,100
17ASH20300,0,0,,0,10,40,80,100,100,100,100,100
17ASH20301,0,0,,10,30,50,90,100,100,100,100,100
17ASH20302,0,0,,10,20,50,80,100,100,100,100,100
17ASH20303,0,20,,40,60,90,100,100,100,100,100,100
17ASH20304,0,0,,30,60,90,100,100,100,100,100,100
17ASH20305,0,0,,0,0,10,30,40,50,60,80,100
17ASH20306,0,10,,30,50,80,100,100,100,100,100,100
17ASH20307,10,30,,50,70,90,100,100,100,100,100,100
17ASH20308,0,0,,0,0,0,0,0,10,10,10,20
17ASH20309,0,0,,0,0,10,10,10,50,70,80,100
17ASH20310,0,10,,30,50,80,100,100,100,100,100,100
17ASH20311,0,10,,30,50,70,100,100,100,100,100,100
17ASH20312,10,30,,50,60,90,100,100,100,100,100,100
17ASH20313,10,30,,50,70,100,100,100,100,100,100,100
17ASH20314,0,0,,10,30,40,60,70,100,100,100,100
17ASH20315,0,0,,0,0,10,10,10,30,60,80,100
17ASH20316,0,10,,40,60,100,100,100,100,100,100,100
17ASH20317,0,20,,40,60,100,100,100,100,100,100,100
17ASH20318,0,0,,0,0,0,0,0,10,30,50,80
17ASH20319,0,0,,30,50,70,90,100,100,100,100,100
17ASH20320,0,10,,40,50,80,100,100,100,100,100,100
17ASH20321,0,0,,0,0,0,10,10,10,20,30,50
17ASH20322,0,30,,40,50,90,100,100,100,100,100,100
17ASH20323,0,0,,0,0,0,0,0,10,50,70,90
17ASH20324,0,30,,60,80,100,100,100,100,100,100,100
17ASH20325,0,10,,30,40,70,90,100,100,100,100,100
17ASH20326,0,0,,10,10,20,20,20,20,30,50,70
17ASH20327,0,20,,40,60,90,100,100,100,100,100,100
17ASH20328,0,20,,30,50,80,100,100,100,100,100,100
17ASH20329,0,20,,40,50,90,100,100,100,100,100,100
17ASH20330,0,0,,0,0,0,0,0,10,30,50,70
17ASH20331,0,10,,40,50,90,90,100,100,100,100,100
17ASH20332,0,0,,10,10,20,20,20,30,40,70,100
17ASH20333,0,0,,0,10,20,60,70,100,100,100,100
17ASH20334,0,0,,10,20,30,70,100,100,100,100,100
17ASH20335,0,20,,40,40,70,100,100,100,100,100,100
17ASH20336,0,30,,40,50,90,100,100,100,100,100,100
17ASH20337,0,0,,0,0,0,0,10,10,40,50,80
17ASH20338,0,0,,0,0,0,0,0,20,30,,100
17ASH20339,0,0,,0,0,20,50,60,90,100,100,100
17ASH20340,0,20,,30,50,90,100,100,100,100,100,100
17ASH20341,0,0,,0,10,20,20,20,20,40,60,80
17ASH20342,0,0,,30,50,80,100,100,100,100,100,100
17ASH20343,0,0,,0,10,40,40,40,70,90,100,100
17ASH20344,20,50,,70,100,100,100,100,100,100,100,100
17ASH20345,20,50,,70,100,100,100,100,100,100,100,100
17ASH20346,0,20,,30,40,60,90,90,100,100,100,100
17ASH20347,0,0,,0,30,70,100,100,100,100,100,100
17ASH20348,10,40,,60,60,90,100,100,100,100,100,100
17ASH20349,0,10,,10,10,20,20,10,20,50,70,90
17ASH20350,0,0,,20,30,70,100,100,100,100,100,100
17ASH20351,0,10,,10,10,20,20,20,30,40,50,70
17ASH20352,0,0,,0,0,10,10,10,30,60,80,100
17ASH20353,0,10,,10,20,40,80,100,100,100,100,100
17ASH20354,0,30,,40,50,90,100,100,100,100,100,100
17ASH20355,0,30,,50,60,100,100,100,100,100,100,100
17ASH20356,0,20,,40,60,100,100,100,100,100,100,100
17ASH20357,0,40,,60,80,100,100,100,100,100,100,100
17ASH20358,10,40,,60,80,100,100,100,100,100,100,100
17ASH20359,0,0,,0,10,30,60,80,100,100,100,100
17ASH20360,0,30,,30,50,80,100,100,100,100,100,100
17ASH20361,0,30,,40,50,90,100,100,100,100,100,100
17ASH20362,10,40,,60,100,100,100,100,100,100,100,100
17ASH20363,0,0,,10,20,20,50,80,100,100,100,100
17ASH20364,0,0,,0,0,0,0,0,10,30,60,80
17ASH20365,0,0,,0,0,0,0,0,20,50,70,90
17ASH20366,10,40,,60,80,100,100,100,100,100,100,100
17ASH20367,0,20,,50,70,90,100,100,100,100,100,100
17ASH20368,10,60,,60,80,100,100,100,100,100,100,100
17ASH20369,0,10,,20,50,90,100,100,100,100,100,100
17ASH20370,0,0,,0,20,40,70,70,100,100,100,100
17ASH20371,20,50,,60,80,100,100,100,100,100,100,100
17ASH20372,0,30,,50,80,100,100,100,100,100,100,100
17ASH20373,0,10,,30,60,100,100,100,100,100,100,100
17ASH20374,0,0,,0,10,40,80,90,100,100,100,100
17ASH20375,0,0,,0,20,50,80,80,100,100,100,100
17ASH20376,0,0,,0,0,0,0,0,30,50,70,90
17ASH20377,0,10,,20,40,60,90,100,100,100,100,100
17ASH20378,10,30,,40,60,100,100,100,100,100,100,100
17ASH20379,0,30,,50,70,100,100,100,100,100,100,100
17ASH20380,40,60,,70,80,100,100,100,100,100,100,100
17ASH20381,0,40,,70,70,100,100,100,100,100,100,100
17ASH20382,0,20,,40,70,100,100,100,100,100,100,100
17ASH20383,0,10,,40,70,100,100,100,100,100,100,100
17ASH20384,20,60,,90,90,100,100,100,100,100,100,100
17ASH20385,20,60,,70,100,100,100,100,100,100,100,100
17ASH20386,0,0,,0,20,40,70,90,100,100,100,100
17ASH20387,20,40,,60,70,100,100,100,100,100,100,100
17ASH20388,0,0,,0,0,0,0,0,50,70,90,100
17ASH20389,0,0,,0,0,10,10,10,40,40,60,80
17ASH20390,0,0,,0,0,0,0,0,10,30,50,80
17ASH20391,0,20,,40,50,70,100,100,100,100,100,100
17ASH20392,0,10,,10,40,70,100,100,100,100,100,100
17ASH20393,0,20,,40,50,80,80,100,100,100,100,100
17ASH20394,0,0,,20,30,50,70,70,100,100,100,100
17ASH20395,0,0,,10,20,30,30,20,30,30,50,70
17ASH20396,0,40,,60,70,100,100,100,100,100,100,100
17ASH20397,0,0,,0,0,0,0,10,40,60,90,100
17ASH20398,0,0,,20,20,40,60,70,100,100,100,100
17ASH20399,0,0,,0,10,10,20,30,50,70,80,100
17ASH20400,10,30,,60,80,100,100,100,100,100,100,100
17ASH20401,0,20,,40,60,100,100,100,100,100,100,100
17ASH20402,0,20,,50,70,100,100,100,100,100,100,100
17ASH20403,20,60,,80,80,100,100,100,100,100,100,100
17ASH20404,0,0,,0,0,0,0,0,10,30,50,70
17ASH20405,10,30,,30,50,90,100,100,100,100,100,100
17ASH20406,0,20,,40,50,100,100,100,100,100,100,100
17ASH20407,0,30,,40,50,100,100,100,100,100,100,100
17ASH20408,0,30,,40,50,100,100,100,100,100,100,100
17ASH20409,0,10,,40,50,80,90,100,100,100,100,100
17ASH20410,0,10,,40,50,80,100,100,100,100,100,100
17ASH20411,0,30,,50,60,90,100,100,100,100,100,100
17ASH20412,0,0,,0,0,0,10,10,10,40,60,80
17ASH20413,0,0,,0,0,0,0,0,20,40,60,80
17ASH20414,0,0,,0,0,10,30,50,90,100,100,100
17ASH20415,0,10,,30,40,70,100,100,100,100,100,100
17ASH20416,0,20,,40,60,60,90,90,100,100,100,100
17ASH20417,20,40,,60,80,100,100,100,100,100,100,100
17ASH20418,0,0,,0,10,30,60,80,100,100,100,100
17ASH20419,0,0,,10,20,50,70,90,100,100,100,100
17ASH20420,50,100,,100,100,100,100,100,100,100,100,100
17ASH20421,0,0,,0,0,0,20,30,60,90,100,100
17ASH20422,0,30,,60,80,100,100,100,100,100,100,100
17ASH20423,0,0,,0,10,40,70,90,100,100,100,100
17ASH20424,0,0,,0,10,10,10,10,10,30,60,90
17ASH20425,10,50,,70,80,100,100,100,100,100,100,100
17ASH20426,0,0,,10,10,10,30,30,60,80,100,100
17ASH20427,0,10,,30,50,70,100,100,100,100,100,100
17ASH20428,0,0,,10,20,30,60,80,100,100,100,100
17ASH20429,0,0,,10,20,40,70,90,100,100,100,100
17ASH20430,0,0,,10,10,10,20,20,30,40,60,80
17ASH20431,0,0,,0,0,10,10,10,20,40,60,90
17ASH20432,0,0,,0,0,0,30,50,100,100,100,100
17ASH20433,0,30,,50,60,90,100,100,100,100,100,100
17ASH20434,0,0,,10,30,50,80,100,100,100,100,100
17ASH20435,0,30,,40,60,100,100,100,100,100,100,100
17ASH20436,0,0,,0,0,0,0,0,10,40,50,80
17ASH20437,0,10,,40,60,80,100,100,100,100,100,100
17ASH20438,10,50,,70,80,100,100,100,100,100,100,100
17ASH20439,0,0,,0,20,40,70,90,100,100,100,100
17ASH20440,0,0,,0,10,30,60,80,100,100,100,100
17ASH20441,0,10,,30,50,80,100,100,100,100,100,100
17ASH20442,0,0,,10,10,10,10,10,50,60,80,100
17ASH20443,0,0,,20,40,60,90,90,100,100,100,100
17ASH20444,0,0,,10,20,20,50,50,70,70,90,100
17ASH20445,30,60,,70,80,100,100,100,100,100,100,100
17ASH20446,0,10,,30,50,60,90,100,100,100,100,100
17ASH20447,0,40,,60,80,100,100,100,100,100,100,100
17ASH20448,50,100,,100,100,100,100,100,100,100,100,100
17ASH20449,0,10,,10,10,10,10,10,20,50,70,90
17ASH20450,0,30,,60,80,100,100,100,100,100,100,100
17ASH20451,0,0,,0,0,0,0,0,20,50,80,100
17ASH20452,10,40,,60,80,100,100,100,100,100,100,100
17ASH20453,0,10,,30,50,80,100,100,100,100,100,100
17ASH20454,0,0,,0,0,0,20,20,60,80,100,100
17ASH20455,10,50,,70,80,100,100,100,100,100,100,100
17ASH20456,0,20,,50,60,90,100,100,100,100,100,100
17ASH20457,30,60,,80,80,100,100,100,100,100,100,100
17ASH20458,0,0,,0,0,10,20,50,80,100,100,100
17ASH20459,40,60,,100,100,100,100,100,100,100,100,100
17ASH20460,10,40,,60,80,100,100,100,100,100,100,100
17ASH20461,10,30,,50,70,100,100,100,100,100,100,100
17ASH20462,0,10,,10,20,40,60,80,100,100,100,100
17ASH20463,0,20,,40,50,90,100,100,100,100,100,100
17ASH20464,0,10,,30,50,90,100,100,100,100,100,100
17ASH20465,20,50,,70,80,100,100,100,100,100,100,100
17ASH20466,30,60,,70,80,100,100,100,100,100,100,100
17ASH20467,0,0,,0,0,0,0,0,20,40,70,90
17ASH20468,40,70,,90,100,100,100,100,100,100,100,100
17ASH20469,0,0,,0,0,0,10,10,50,70,90,100
17ASH20470,0,30,,50,70,100,100,100,100,100,100,100
17ASH20471,0,10,,40,60,90,100,100,100,100,100,100
17ASH20472,30,50,,70,80,100,100,100,100,100,100,100
17ASH20473,0,0,,10,20,20,20,10,20,20,30,60
17ASH20474,0,0,,20,40,60,90,100,100,100,100,100
17ASH20475,0,0,,0,0,0,0,0,0,10,30,40
17ASH20476,30,70,,90,90,100,100,100,100,100,100,100
17ASH20477,20,40,,60,80,100,100,100,100,100,100,100
17ASH20478,0,0,,0,0,0,10,10,40,50,80,100
17ASH20479,0,30,,60,80,100,100,100,100,100,100,100
17ASH20480,0,10,,30,50,90,100,100,100,100,100,100
17ASH20481,0,0,,10,10,20,30,30,30,50,70,90
17ASH20482,0,0,,0,0,10,20,20,30,40,70,90
17ASH20483,0,10,,10,20,30,60,60,90,100,100,100
17ASH20484,0,0,,0,0,0,0,0,10,30,60,80
17ASH20485,0,0,,10,10,10,10,10,10,40,60,90
17ASH20486,0,50,,60,80,100,100,100,100,100,100,100
17ASH20487,30,60,,80,100,100,100,100,100,100,100,100
17ASH20488,10,40,,50,70,100,100,100,100,100,100,100
17ASH20489,0,0,,0,0,0,0,0,0,10,40,60
17ASH20490,0,0,,0,0,10,10,10,50,70,90,100
17ASH20491,0,0,,0,0,0,0,0,50,60,90,100
17ASH20492,0,10,,40,60,100,100,100,100,100,100,100
17ASH20493,10,30,,50,60,90,100,100,100,100,100,100
17ASH20494,40,70,,100,100,100,100,100,100,100,100,100
17ASH20495,0,0,,10,10,30,60,80,100,100,100,100
17ASH20496,0,10,,10,20,20,30,40,70,70,80,100
17ASH20497,30,60,,70,80,100,100,100,100,100,100,100
17ASH20498,0,0,,10,30,40,70,80,100,100,100,100
17ASH20499,0,10,,40,60,100,100,100,100,100,100,100
17ASH20500,0,10,,30,50,80,100,100,100,100,100,100
17ASH20501,0,10,,30,50,80,100,100,100,100,100,100
17ASH20502,0,10,,30,40,50,70,70,100,100,100,100
17ASH20503,0,0,,20,40,60,90,100,100,100,100,100
17ASH20504,0,0,,20,30,60,80,80,100,100,100,100
17ASH20505,0,0,,0,10,30,60,60,90,100,100,100
17ASH20506,10,40,,70,80,100,100,100,100,100,100,100
17ASH20507,0,0,,0,0,0,10,10,10,20,40,60
17ASH20508,0,20,,40,50,70,90,100,100,100,100,100
17ASH20509,0,30,,50,70,100,100,100,100,100,100,100
17ASH20510,0,0,,0,0,0,0,0,40,60,80,100
17ASH20511,10,40,,60,70,100,100,100,100,100,100,100
17ASH20512,10,40,,60,70,100,100,100,100,100,100,100
17ASH20513,10,50,,70,80,100,100,100,100,100,100,100
17ASH20514,0,20,,40,60,90,100,100,100,100,100,100
17ASH20515,20,50,,70,80,100,100,100,100,100,100,100
17ASH20516,20,50,,70,100,100,100,100,100,100,100,100
17ASH20517,0,0,,0,10,40,60,70,100,100,100,100
17ASH20518,10,40,,50,70,100,100,100,100,100,100,100
17ASH20519,0,0,,0,0,10,30,50,90,100,100,100
17ASH20520,0,10,,10,10,30,30,40,70,90,100,100
17ASH20521,0,30,,40,60,90,100,100,100,100,100,100
17ASH20522,0,30,,50,60,100,100,100,100,100,100,100
17ASH20523,0,30,,40,50,80,100,100,100,100,100,100
17ASH20524,40,100,,100,100,100,100,100,100,100,100,100
17ASH20525,0,0,,0,20,30,50,60,80,100,100,100
17ASH20526,0,10,,40,50,70,90,100,100,100,100,100
17ASH20527,0,30,,50,70,100,100,100,100,100,100,100
17ASH20528,0,0,,0,0,10,20,30,50,60,80,100
17ASH20529,0,0,,0,0,0,0,0,10,40,60,80
17ASH20530,10,40,,60,80,100,100,100,100,100,100,100
17ASH20531,0,0,,0,20,40,60,80,90,100,100,100
17ASH20532,10,20,,40,60,90,100,100,100,100,100,100
17ASH20533,0,0,,0,0,0,0,0,40,60,80,100
17ASH20534,0,0,,0,10,20,30,20,40,60,80,100
17ASH20535,0,20,,40,60,100,100,100,100,100,100,100
17ASH20536,0,0,,0,10,20,20,10,30,50,70,90
17ASH20537,0,20,,40,60,100,100,100,100,100,100,100
17ASH20538,0,20,,40,60,90,100,100,100,100,100,100
17ASH20539,0,0,,10,10,20,50,60,90,100,100,100
17ASH20540,0,0,,0,0,0,0,0,10,20,30,50
17ASH20541,0,20,,40,60,90,100,100,100,100,100,100
17ASH20542,0,30,,60,80,100,100,100,100,100,100,100
17ASH20543,0,20,,40,60,80,100,100,100,100,100,100
17ASH20544,0,20,,40,60,90,100,100,100,100,100,100
17ASH20545,0,0,,20,40,50,70,80,100,100,100,100
17ASH20546,0,10,,40,60,100,100,100,100,100,100,100
17ASH20547,0,10,,40,60,90,100,100,100,100,100,100
17ASH20548,0,20,,40,60,90,100,100,100,100,100,100
17ASH20549,10,40,,60,80,100,100,100,100,100,100,100
17ASH20550,40,70,,70,80,100,100,100,100,100,100,100
17ASH20551,0,20,,50,70,100,100,100,100,100,100,100
17ASH20552,0,20,,40,60,80,80,90,100,100,100,100
17ASH20553,0,10,,20,40,60,90,100,100,100,100,100
17ASH20554,10,30,,50,70,100,100,100,100,100,100,100
17ASH20555,0,20,,30,50,80,100,100,100,100,100,100
17ASH20556,0,20,,40,60,90,100,100,100,100,100,100
17ASH20557,30,50,,70,100,100,100,100,100,100,100,100
17ASH20558,0,20,,40,60,100,100,100,100,100,100,100
17ASH20559,0,0,,10,10,10,20,20,50,70,90,100
17ASH20560,0,0,,0,0,0,10,10,50,80,100,100
17ASH20561,0,10,,20,50,60,90,100,100,100,100,100
17ASH20562,0,10,,30,50,80,90,100,100,100,100,100
17ASH20563,0,0,,0,0,10,10,10,40,60,80,100
17ASH20564,0,0,,0,0,0,0,10,30,30,40,50
17ASH20565,0,0,,20,20,40,70,90,100,100,100,100
17ASH20566,0,0,,0,10,20,20,20,40,60,80,100
17ASH20567,0,30,,60,80,100,100,100,100,100,100,100
17ASH20568,60,100,,100,100,100,100,100,100,100,100,100
17ASH20569,0,0,,0,10,20,50,80,100,100,100,100
17ASH20570,10,50,,60,80,100,100,100,100,100,100,100
17ASH20571,0,30,,50,70,90,100,100,100,100,100,100
17ASH20572,10,30,,50,70,100,100,100,100,100,100,100
17ASH20573,0,0,,0,0,0,10,10,20,30,50,80
17ASH20574,10,30,,40,60,100,100,100,100,100,100,100
17ASH20575,0,0,,10,30,50,80,80,100,100,100,100
17ASH20576,10,40,,70,80,100,100,100,100,100,100,100
17ASH20577,20,60,,100,100,100,100,100,100,100,100,100
17ASH20578,0,30,,60,70,100,100,100,100,100,100,100
17ASH20579,0,20,,50,70,100,100,100,100,100,100,100
17ASH20580,30,60,,70,100,100,100,100,100,100,100,100
17ASH20581,0,0,,30,40,70,100,100,100,100,100,100
17ASH20582,0,20,,50,70,90,100,100,100,100,100,100
17ASH20583,0,0,,0,0,0,40,50,80,100,100,100
17ASH20584,0,0,,0,10,10,20,20,30,40,60,80
17ASH20585,0,0,,10,10,30,70,90,100,100,100,100
17ASH20586,30,60,,80,80,100,100,100,100,100,100,100
17ASH20587,0,10,,40,60,90,100,100,100,100,100,100
17ASH20588,0,0,,10,20,20,20,20,30,30,50,70
17ASH20589,0,0,,0,0,10,20,40,60,90,100,100
17ASH20590,0,0,,0,0,0,10,30,70,90,100,100
17ASH20591,0,0,,0,0,0,10,10,20,30,50,80
17ASH20592,0,10,,30,40,60,90,100,100,100,100,100
17ASH20593,0,0,,0,0,0,0,0,20,30,50,80
17ASH20594,0,20,,40,60,90,100,100,100,100,100,100
17ASH20595,0,10,,10,10,10,10,10,40,50,70,100
17ASH20596,0,10,,40,40,70,100,100,100,100,100,100
17ASH20597,0,30,,50,60,100,100,100,100,100,100,100
17ASH20598,0,0,,0,10,20,50,70,100,100,100,100
17ASH20599,0,0,,0,20,40,80,100,100,100,100,100
17ASH20600,0,10,,10,0,10,10,20,50,70,90,100
17ASH20601,0,30,,40,50,80,100,100,100,100,100,100
17ASH20602,0,20,,40,50,70,100,100,100,100,100,100
17ASH20603,0,10,,30,50,70,100,100,100,100,100,100
17ASH20604,0,0,,0,0,0,10,20,40,50,70,90
17ASH20605,0,20,,40,50,80,100,100,100,100,100,100
17ASH20606,0,0,,10,20,30,50,60,80,90,100,100
17ASH20607,0,0,,10,40,60,90,100,100,100,100,100
17ASH20608,0,0,,10,40,60,90,100,100,100,100,100
17ASH20609,0,0,,0,0,0,0,10,10,30,50,80
17ASH20610,0,20,,50,70,100,100,100,100,100,100,100
17ASH20611,0,0,,0,0,0,0,10,30,30,40,60
17ASH20612,10,40,,70,80,100,100,100,100,100,100,100
17ASH20613,0,40,,70,80,100,100,100,100,100,100,100
17ASH20614,0,0,,20,40,60,90,100,100,100,100,100
17ASH20615,0,0,,10,10,10,20,10,20,30,30,50
17ASH20616,0,0,,0,0,0,20,50,80,90,100,100
17ASH20617,0,0,,0,0,20,40,60,90,100,100,100
17ASH20618,20,60,,80,80,100,100,100,100,100,100,100
17ASH20619,0,0,,10,10,10,20,30,60,80,90,100
17ASH20620,0,10,,40,60,90,100,100,100,100,100,100
17ASH20621,0,0,,40,60,80,100,100,100,100,100,100
17ASH20622,0,0,,0,20,30,60,80,100,100,100,100
17ASH20623,0,0,,10,10,10,10,10,40,60,70,100
17ASH20624,10,40,,70,80,100,100,100,100,100,100,100
17ASH20625,0,0,,10,10,10,10,10,40,70,90,100
17ASH20626,0,0,,10,20,30,60,80,100,100,100,100
17ASH20627,0,0,,10,20,30,40,40,50,30,40,70
17ASH20628,0,10,,40,60,90,100,100,100,100,100,100
17ASH20629,20,50,,70,100,100,100,100,100,100,100,100
17ASH20630,0,0,,0,0,0,0,0,0,10,30,50
17ASH20631,0,10,,40,60,80,100,100,100,100,100,100
17ASH20632,0,10,,40,60,90,100,100,100,100,100,100
17ASH20633,0,0,,30,50,80,100,100,100,100,100,100
17ASH20634,0,0,,30,50,80,100,100,100,100,100,100
17ASH20635,0,0,,10,10,10,10,10,10,10,20,40
17ASH20636,10,40,,60,80,100,100,100,100,100,100,100
17ASH20637,0,0,,0,0,0,0,0,50,60,80,100
17ASH20638,10,30,,60,70,100,100,100,100,100,100,100
17ASH20639,20,50,,70,100,100,100,100,100,100,100,100
17ASH20640,0,0,,0,0,10,20,10,40,50,70,100
17ASH20641,0,0,,0,0,0,10,10,40,50,70,100
17ASH20642,0,20,,40,60,80,100,100,100,100,100,100
17ASH20643,0,10,,20,30,40,40,40,50,60,80,100
17ASH20644,0,0,,0,0,0,10,0,20,40,60,100
17ASH20645,0,0,,10,20,30,70,90,100,100,100,100
17ASH20646,0,20,,40,60,90,100,100,100,100,100,100
17ASH20647,0,0,,10,10,20,30,20,30,40,60,80
17ASH20648,0,10,,30,50,70,100,100,100,100,100,100
17ASH20649,0,20,,20,40,70,100,100,100,100,100,100
17ASH20650,0,10,,10,20,50,50,60,100,100,100,100
17ASH20651,0,20,,40,60,100,100,100,100,100,100,100
17ASH20652,20,50,,60,80,100,100,100,100,100,100,100
17ASH20653,0,10,,10,20,30,30,20,30,40,60,80
17ASH20654,0,0,,0,10,40,70,90,100,100,100,100
17ASH20655,0,0,,0,0,0,0,0,10,30,50,70
17ASH20656,0,10,,30,40,70,100,100,100,100,100,100
17ASH20657,0,20,,50,60,90,100,100,100,100,100,100
17ASH20658,20,50,,70,80,100,100,100,100,100,100,100
17ASH20659,0,0,,10,10,10,10,10,10,20,40,60
17ASH20660,0,20,,40,50,80,100,100,100,100,100,100
17ASH20661,10,40,,70,100,100,100,100,100,100,100,100
17ASH20662,0,20,,40,60,70,90,90,100,100,100,100
17ASH20663,30,50,,60,70,100,100,100,100,100,100,100
17ASH20664,0,10,,30,50,70,90,90,100,100,100,100
17ASH20665,0,0,,10,0,0,0,0,50,70,90,100
17ASH20666,0,0,,20,30,50,80,80,100,100,100,100
17ASH20667,0,10,,30,50,70,100,100,100,100,100,100
17ASH20668,0,0,,10,10,20,30,0,40,60,80,100
17ASH20669,10,40,,60,80,100,100,100,100,100,100,100
17ASH20670,0,40,,60,80,100,100,100,100,100,100,100
17ASH20671,0,20,,40,50,50,70,70,100,100,100,100
17ASH20672,0,10,,30,40,60,90,80,100,100,100,100
17ASH20673,0,20,,40,60,80,100,100,100,100,100,100
17ASH20674,30,50,,60,100,100,100,100,100,100,100,100
17ASH20675,0,0,,20,40,40,70,70,100,100,100,100
17ASH20676,0,0,,10,30,40,70,70,100,100,100,100
