"plot_id","range","column","plot_name","rep","block"
"16ASH20001",1,1,"U6202-099",1,1
"16ASH20002",1,2,"U6202-059",1,1
"16ASH20003",1,3,"U6202-144",1,1
"16ASH20004",1,4,"U6202-255",1,1
"16ASH20005",1,5,"U6202-277",1,1
"16ASH20006",1,6,"U6202-259",1,1
"16ASH20007",1,7,"U6202-128",1,1
"16ASH20008",1,8,"U6202-150",1,1
"16ASH20009",1,9,"U6202-283",1,1
"16ASH20010",1,10,"U6202-068",1,1
"16ASH20011",1,11,"U6202-013",1,1
"16ASH20012",1,12,"U6202-295",1,1
"16ASH20013",1,13,"U6202-315",1,1
"16ASH20014",1,14,"U6202-012",1,1
"16ASH20015",1,15,"U6202-028",1,1
"16ASH20016",1,16,"U6202-170",1,1
"16ASH20017",1,17,"U6202-021",1,1
"16ASH20018",2,17,"U6202-225",1,1
"16ASH20019",2,16,"U6202-245",1,1
"16ASH20020",2,15,"U6202-336",1,1
"16ASH20021",2,14,"U6202-266",1,1
"16ASH20022",2,13,"FULLER",1,1
"16ASH20023",2,12,"LAKIN",1,1
"16ASH20024",2,11,"U6202-019",1,1
"16ASH20025",2,10,"U6202-312",1,1
"16ASH20026",2,9,"U6202-185",1,1
"16ASH20027",2,8,"U6202-362",1,1
"16ASH20028",2,7,"U6202-023",1,1
"16ASH20029",2,6,"U6202-248",1,1
"16ASH20030",2,5,"U6202-018",1,1
"16ASH20031",2,4,"U6202-341",1,1
"16ASH20032",2,3,"U6202-291",1,1
"16ASH20033",2,2,"U6202-227",1,1
"16ASH20034",2,1,"U6202-136",1,1
"16ASH20035",3,1,"U6202-083",1,2
"16ASH20036",3,2,"U6202-113",1,2
"16ASH20037",3,3,"U6202-066",1,2
"16ASH20038",3,4,"U6202-062",1,2
"16ASH20039",3,5,"U6202-288",1,2
"16ASH20040",3,6,"U6202-351",1,2
"16ASH20041",3,7,"U6202-198",1,2
"16ASH20042",3,8,"U6202-177",1,2
"16ASH20043",3,9,"FULLER",1,2
"16ASH20044",3,10,"LAKIN",1,2
"16ASH20045",3,11,"U6202-300",1,2
"16ASH20046",3,12,"U6202-050",1,2
"16ASH20047",3,13,"U6202-120",1,2
"16ASH20048",3,14,"U6202-338",1,2
"16ASH20049",3,15,"U6202-357",1,2
"16ASH20050",3,16,"U6202-134",1,2
"16ASH20051",3,17,"U6202-047",1,2
"16ASH20052",4,17,"U6202-146",1,2
"16ASH20053",4,16,"U6202-078",1,2
"16ASH20054",4,15,"U6202-119",1,2
"16ASH20055",4,14,"U6202-307",1,2
"16ASH20056",4,13,"U6202-067",1,2
"16ASH20057",4,12,"U6202-199",1,2
"16ASH20058",4,11,"U6202-344",1,2
"16ASH20059",4,10,"U6202-320",1,2
"16ASH20060",4,9,"U6202-102",1,2
"16ASH20061",4,8,"U6202-057",1,2
"16ASH20062",4,7,"U6202-271",1,2
"16ASH20063",4,6,"U6202-101",1,2
"16ASH20064",4,5,"U6202-281",1,2
"16ASH20065",4,4,"U6202-243",1,2
"16ASH20066",4,3,"U6202-048",1,2
"16ASH20067",4,2,"U6202-334",1,2
"16ASH20068",4,1,"U6202-052",1,2
"16ASH20069",5,1,"U6202-175",1,3
"16ASH20070",5,2,"U6202-173",1,3
"16ASH20071",5,3,"U6202-274",1,3
"16ASH20072",5,4,"U6202-105",1,3
"16ASH20073",5,5,"U6202-325",1,3
"16ASH20074",5,6,"U6202-229",1,3
"16ASH20075",5,7,"U6202-011",1,3
"16ASH20076",5,8,"U6202-157",1,3
"16ASH20077",5,9,"U6202-278",1,3
"16ASH20078",5,10,"U6202-010",1,3
"16ASH20079",5,11,"U6202-164",1,3
"16ASH20080",5,12,"U6202-020",1,3
"16ASH20081",5,13,"U6202-015",1,3
"16ASH20082",5,14,"U6202-209",1,3
"16ASH20083",5,15,"U6202-094",1,3
"16ASH20084",5,16,"U6202-324",1,3
"16ASH20085",5,17,"U6202-168",1,3
"16ASH20086",6,17,"U6202-042",1,3
"16ASH20087",6,16,"U6202-363",1,3
"16ASH20088",6,15,"U6202-109",1,3
"16ASH20089",6,14,"U6202-311",1,3
"16ASH20090",6,13,"U6202-061",1,3
"16ASH20091",6,12,"U6202-342",1,3
"16ASH20092",6,11,"U6202-294",1,3
"16ASH20093",6,10,"LAKIN",1,3
"16ASH20094",6,9,"U6202-290",1,3
"16ASH20095",6,8,"U6202-210",1,3
"16ASH20096",6,7,"U6202-141",1,3
"16ASH20097",6,6,"U6202-035",1,3
"16ASH20098",6,5,"U6202-133",1,3
"16ASH20099",6,4,"FULLER",1,3
"16ASH20100",6,3,"U6202-088",1,3
"16ASH20101",6,2,"U6202-194",1,3
"16ASH20102",6,1,"U6202-154",1,3
"16ASH20103",7,1,"U6202-366",1,4
"16ASH20104",7,2,"U6202-038",1,4
"16ASH20105",7,3,"U6202-142",1,4
"16ASH20106",7,4,"U6202-148",1,4
"16ASH20107",7,5,"U6202-117",1,4
"16ASH20108",7,6,"U6202-361",1,4
"16ASH20109",7,7,"U6202-192",1,4
"16ASH20110",7,8,"BLANK",1,4
"16ASH20111",7,9,"U6202-079",1,4
"16ASH20112",7,10,"U6202-310",1,4
"16ASH20113",7,11,"U6202-282",1,4
"16ASH20114",7,12,"U6202-130",1,4
"16ASH20115",7,13,"U6202-330",1,4
"16ASH20116",7,14,"U6202-231",1,4
"16ASH20117",7,15,"U6202-305",1,4
"16ASH20118",7,16,"U6202-238",1,4
"16ASH20119",7,17,"U6202-181",1,4
"16ASH20120",8,17,"U6202-153",1,4
"16ASH20121",8,16,"U6202-191",1,4
"16ASH20122",8,15,"U6202-009",1,4
"16ASH20123",8,14,"FULLER",1,4
"16ASH20124",8,13,"U6202-039",1,4
"16ASH20125",8,12,"U6202-174",1,4
"16ASH20126",8,11,"U6202-180",1,4
"16ASH20127",8,10,"LAKIN",1,4
"16ASH20128",8,9,"U6202-258",1,4
"16ASH20129",8,8,"U6202-033",1,4
"16ASH20130",8,7,"U6202-131",1,4
"16ASH20131",8,6,"U6202-145",1,4
"16ASH20132",8,5,"U6202-207",1,4
"16ASH20133",8,4,"U6202-340",1,4
"16ASH20134",8,3,"U6202-176",1,4
"16ASH20135",8,2,"U6202-254",1,4
"16ASH20136",8,1,"U6202-115",1,4
"16ASH20137",9,1,"U6202-211",1,5
"16ASH20138",9,2,"U6202-030",1,5
"16ASH20139",9,3,"U6202-034",1,5
"16ASH20140",9,4,"FULLER",1,5
"16ASH20141",9,5,"U6202-240",1,5
"16ASH20142",9,6,"U6202-046",1,5
"16ASH20143",9,7,"U6202-166",1,5
"16ASH20144",9,8,"U6202-285",1,5
"16ASH20145",9,9,"U6202-214",1,5
"16ASH20146",9,10,"U6202-256",1,5
"16ASH20147",9,11,"LAKIN",1,5
"16ASH20148",9,12,"U6202-132",1,5
"16ASH20149",9,13,"U6202-165",1,5
"16ASH20150",9,14,"U6202-224",1,5
"16ASH20151",9,15,"U6202-076",1,5
"16ASH20152",9,16,"U6202-326",1,5
"16ASH20153",9,17,"U6202-137",1,5
"16ASH20154",10,17,"U6202-292",1,5
"16ASH20155",10,16,"U6202-110",1,5
"16ASH20156",10,15,"U6202-169",1,5
"16ASH20157",10,14,"U6202-261",1,5
"16ASH20158",10,13,"U6202-044",1,5
"16ASH20159",10,12,"U6202-239",1,5
"16ASH20160",10,11,"U6202-197",1,5
"16ASH20161",10,10,"U6202-293",1,5
"16ASH20162",10,9,"U6202-188",1,5
"16ASH20163",10,8,"U6202-331",1,5
"16ASH20164",10,7,"U6202-060",1,5
"16ASH20165",10,6,"U6202-163",1,5
"16ASH20166",10,5,"U6202-316",1,5
"16ASH20167",10,4,"U6202-257",1,5
"16ASH20168",10,3,"U6202-232",1,5
"16ASH20169",10,2,"U6202-296",1,5
"16ASH20170",10,1,"U6202-124",1,5
"16ASH20171",11,1,"U6202-250",1,6
"16ASH20172",11,2,"U6202-308",1,6
"16ASH20173",11,3,"U6202-032",1,6
"16ASH20174",11,4,"U6202-122",1,6
"16ASH20175",11,5,"U6202-040",1,6
"16ASH20176",11,6,"U6202-025",1,6
"16ASH20177",11,7,"U6202-084",1,6
"16ASH20178",11,8,"U6202-064",1,6
"16ASH20179",11,9,"U6202-280",1,6
"16ASH20180",11,10,"U6202-001",1,6
"16ASH20181",11,11,"U6202-112",1,6
"16ASH20182",11,12,"U6202-241",1,6
"16ASH20183",11,13,"U6202-264",1,6
"16ASH20184",11,14,"U6202-097",1,6
"16ASH20185",11,15,"LAKIN",1,6
"16ASH20186",11,16,"U6202-069",1,6
"16ASH20187",11,17,"U6202-082",1,6
"16ASH20188",12,17,"U6202-187",1,6
"16ASH20189",12,16,"U6202-306",1,6
"16ASH20190",12,15,"U6202-253",1,6
"16ASH20191",12,14,"U6202-031",1,6
"16ASH20192",12,13,"U6202-217",1,6
"16ASH20193",12,12,"U6202-127",1,6
"16ASH20194",12,11,"U6202-161",1,6
"16ASH20195",12,10,"U6202-319",1,6
"16ASH20196",12,9,"FULLER",1,6
"16ASH20197",12,8,"U6202-184",1,6
"16ASH20198",12,7,"U6202-355",1,6
"16ASH20199",12,6,"U6202-365",1,6
"16ASH20200",12,5,"U6202-322",1,6
"16ASH20201",12,4,"U6202-356",1,6
"16ASH20202",12,3,"U6202-212",1,6
"16ASH20203",12,2,"U6202-237",1,6
"16ASH20204",12,1,"U6202-318",1,6
"16ASH20205",13,1,"U6202-267",1,7
"16ASH20206",13,2,"U6202-189",1,7
"16ASH20207",13,3,"U6202-080",1,7
"16ASH20208",13,4,"U6202-236",1,7
"16ASH20209",13,5,"U6202-251",1,7
"16ASH20210",13,6,"U6202-138",1,7
"16ASH20211",13,7,"U6202-139",1,7
"16ASH20212",13,8,"FULLER",1,7
"16ASH20213",13,9,"U6202-004",1,7
"16ASH20214",13,10,"U6202-242",1,7
"16ASH20215",13,11,"U6202-275",1,7
"16ASH20216",13,12,"U6202-179",1,7
"16ASH20217",13,13,"U6202-343",1,7
"16ASH20218",13,14,"U6202-152",1,7
"16ASH20219",13,15,"U6202-143",1,7
"16ASH20220",13,16,"U6202-126",1,7
"16ASH20221",13,17,"U6202-246",1,7
"16ASH20222",14,17,"U6202-178",1,7
"16ASH20223",14,16,"U6202-186",1,7
"16ASH20224",14,15,"U6202-298",1,7
"16ASH20225",14,14,"U6202-201",1,7
"16ASH20226",14,13,"U6202-121",1,7
"16ASH20227",14,12,"LAKIN",1,7
"16ASH20228",14,11,"U6202-220",1,7
"16ASH20229",14,10,"U6202-202",1,7
"16ASH20230",14,9,"U6202-216",1,7
"16ASH20231",14,8,"U6202-301",1,7
"16ASH20232",14,7,"U6202-337",1,7
"16ASH20233",14,6,"U6202-349",1,7
"16ASH20234",14,5,"U6202-149",1,7
"16ASH20235",14,4,"U6202-063",1,7
"16ASH20236",14,3,"U6202-054",1,7
"16ASH20237",14,2,"U6202-024",1,7
"16ASH20238",14,1,"U6202-193",1,7
"16ASH20239",15,1,"U6202-183",1,8
"16ASH20240",15,2,"U6202-162",1,8
"16ASH20241",15,3,"FULLER",1,8
"16ASH20242",15,4,"U6202-226",1,8
"16ASH20243",15,5,"U6202-156",1,8
"16ASH20244",15,6,"U6202-017",1,8
"16ASH20245",15,7,"U6202-303",1,8
"16ASH20246",15,8,"U6202-005",1,8
"16ASH20247",15,9,"U6202-123",1,8
"16ASH20248",15,10,"U6202-027",1,8
"16ASH20249",15,11,"U6202-087",1,8
"16ASH20250",15,12,"U6202-260",1,8
"16ASH20251",15,13,"U6202-333",1,8
"16ASH20252",15,14,"U6202-270",1,8
"16ASH20253",15,15,"U6202-016",1,8
"16ASH20254",15,16,"U6202-056",1,8
"16ASH20255",15,17,"LAKIN",1,8
"16ASH20256",16,17,"U6202-205",1,8
"16ASH20257",16,16,"U6202-323",1,8
"16ASH20258",16,15,"U6202-092",1,8
"16ASH20259",16,14,"U6202-354",1,8
"16ASH20260",16,13,"U6202-071",1,8
"16ASH20261",16,12,"U6202-055",1,8
"16ASH20262",16,11,"U6202-129",1,8
"16ASH20263",16,10,"U6202-252",1,8
"16ASH20264",16,9,"BLANK",1,8
"16ASH20265",16,8,"U6202-037",1,8
"16ASH20266",16,7,"U6202-104",1,8
"16ASH20267",16,6,"U6202-077",1,8
"16ASH20268",16,5,"U6202-314",1,8
"16ASH20269",16,4,"U6202-072",1,8
"16ASH20270",16,3,"U6202-358",1,8
"16ASH20271",16,2,"U6202-106",1,8
"16ASH20272",16,1,"U6202-051",1,8
"16ASH20273",17,1,"U6202-108",1,9
"16ASH20274",17,2,"U6202-234",1,9
"16ASH20275",17,3,"U6202-350",1,9
"16ASH20276",17,4,"U6202-204",1,9
"16ASH20277",17,5,"U6202-360",1,9
"16ASH20278",17,6,"U6202-353",1,9
"16ASH20279",17,7,"U6202-118",1,9
"16ASH20280",17,8,"U6202-230",1,9
"16ASH20281",17,9,"U6202-348",1,9
"16ASH20282",17,10,"U6202-213",1,9
"16ASH20283",17,11,"U6202-208",1,9
"16ASH20284",17,12,"U6202-317",1,9
"16ASH20285",17,13,"U6202-171",1,9
"16ASH20286",17,14,"FULLER",1,9
"16ASH20287",17,15,"U6202-272",1,9
"16ASH20288",17,16,"U6202-273",1,9
"16ASH20289",17,17,"U6202-367",1,9
"16ASH20290",18,17,"U6202-029",1,9
"16ASH20291",18,16,"U6202-223",1,9
"16ASH20292",18,15,"U6202-222",1,9
"16ASH20293",18,14,"U6202-065",1,9
"16ASH20294",18,13,"U6202-345",1,9
"16ASH20295",18,12,"U6202-339",1,9
"16ASH20296",18,11,"U6202-116",1,9
"16ASH20297",18,10,"U6202-103",1,9
"16ASH20298",18,9,"U6202-203",1,9
"16ASH20299",18,8,"U6202-090",1,9
"16ASH20300",18,7,"U6202-158",1,9
"16ASH20301",18,6,"U6202-074",1,9
"16ASH20302",18,5,"U6202-045",1,9
"16ASH20303",18,4,"U6202-070",1,9
"16ASH20304",18,3,"U6202-151",1,9
"16ASH20305",18,2,"U6202-182",1,9
"16ASH20306",18,1,"LAKIN",1,9
"16ASH20307",19,1,"U6202-329",1,10
"16ASH20308",19,2,"U6202-347",1,10
"16ASH20309",19,3,"U6202-297",1,10
"16ASH20310",19,4,"U6202-043",1,10
"16ASH20311",19,5,"U6202-159",1,10
"16ASH20312",19,6,"U6202-111",1,10
"16ASH20313",19,7,"U6202-359",1,10
"16ASH20314",19,8,"U6202-368",1,10
"16ASH20315",19,9,"U6202-304",1,10
"16ASH20316",19,10,"U6202-249",1,10
"16ASH20317",19,11,"U6202-167",1,10
"16ASH20318",19,12,"U6202-140",1,10
"16ASH20319",19,13,"U6202-276",1,10
"16ASH20320",19,14,"U6202-003",1,10
"16ASH20321",19,15,"U6202-206",1,10
"16ASH20322",19,16,"U6202-346",1,10
"16ASH20323",19,17,"U6202-200",1,10
"16ASH20324",20,17,"U6202-196",1,10
"16ASH20325",20,16,"U6202-335",1,10
"16ASH20326",20,15,"U6202-286",1,10
"16ASH20327",20,14,"U6202-014",1,10
"16ASH20328",20,13,"U6202-215",1,10
"16ASH20329",20,12,"FULLER",1,10
"16ASH20330",20,11,"U6202-244",1,10
"16ASH20331",20,10,"LAKIN",1,10
"16ASH20332",20,9,"U6202-036",1,10
"16ASH20333",20,8,"U6202-364",1,10
"16ASH20334",20,7,"U6202-321",1,10
"16ASH20335",20,6,"U6202-332",1,10
"16ASH20336",20,5,"U6202-058",1,10
"16ASH20337",20,4,"U6202-235",1,10
"16ASH20338",20,3,"U6202-328",1,10
"16ASH20339",20,2,"U6202-096",1,10
"16ASH20340",20,1,"U6202-262",1,10
"16ASH20341",1,18,"U6202-032",2,1
"16ASH20342",1,19,"U6202-122",2,1
"16ASH20343",1,20,"U6202-197",2,1
"16ASH20344",1,21,"U6202-295",2,1
"16ASH20345",1,22,"U6202-088",2,1
"16ASH20346",1,23,"U6202-328",2,1
"16ASH20347",1,24,"FULLER",2,1
"16ASH20348",1,25,"U6202-245",2,1
"16ASH20349",1,26,"U6202-168",2,1
"16ASH20350",1,27,"LAKIN",2,1
"16ASH20351",1,28,"U6202-184",2,1
"16ASH20352",1,29,"U6202-290",2,1
"16ASH20353",1,30,"U6202-207",2,1
"16ASH20354",1,31,"U6202-126",2,1
"16ASH20355",1,32,"U6202-191",2,1
"16ASH20356",1,33,"U6202-021",2,1
"16ASH20357",1,34,"U6202-194",2,1
"16ASH20358",2,34,"U6202-316",2,1
"16ASH20359",2,33,"U6202-270",2,1
"16ASH20360",2,32,"U6202-121",2,1
"16ASH20361",2,31,"U6202-345",2,1
"16ASH20362",2,30,"U6202-301",2,1
"16ASH20363",2,29,"U6202-258",2,1
"16ASH20364",2,28,"U6202-199",2,1
"16ASH20365",2,27,"U6202-361",2,1
"16ASH20366",2,26,"U6202-341",2,1
"16ASH20367",2,25,"U6202-141",2,1
"16ASH20368",2,24,"U6202-315",2,1
"16ASH20369",2,23,"U6202-235",2,1
"16ASH20370",2,22,"U6202-222",2,1
"16ASH20371",2,21,"U6202-351",2,1
"16ASH20372",2,20,"U6202-250",2,1
"16ASH20373",2,19,"U6202-326",2,1
"16ASH20374",2,18,"U6202-077",2,1
"16ASH20375",3,18,"U6202-307",2,2
"16ASH20376",3,19,"U6202-212",2,2
"16ASH20377",3,20,"U6202-005",2,2
"16ASH20378",3,21,"U6202-137",2,2
"16ASH20379",3,22,"U6202-348",2,2
"16ASH20380",3,23,"U6202-138",2,2
"16ASH20381",3,24,"U6202-134",2,2
"16ASH20382",3,25,"U6202-321",2,2
"16ASH20383",3,26,"U6202-028",2,2
"16ASH20384",3,27,"U6202-146",2,2
"16ASH20385",3,28,"FULLER",2,2
"16ASH20386",3,29,"U6202-246",2,2
"16ASH20387",3,30,"U6202-242",2,2
"16ASH20388",3,31,"U6202-281",2,2
"16ASH20389",3,32,"LAKIN",2,2
"16ASH20390",3,33,"U6202-264",2,2
"16ASH20391",3,34,"U6202-169",2,2
"16ASH20392",4,34,"U6202-153",2,2
"16ASH20393",4,33,"U6202-206",2,2
"16ASH20394",4,32,"U6202-223",2,2
"16ASH20395",4,31,"U6202-029",2,2
"16ASH20396",4,30,"U6202-142",2,2
"16ASH20397",4,29,"U6202-074",2,2
"16ASH20398",4,28,"U6202-082",2,2
"16ASH20399",4,27,"U6202-139",2,2
"16ASH20400",4,26,"U6202-335",2,2
"16ASH20401",4,25,"U6202-118",2,2
"16ASH20402",4,24,"U6202-280",2,2
"16ASH20403",4,23,"U6202-332",2,2
"16ASH20404",4,22,"U6202-285",2,2
"16ASH20405",4,21,"U6202-143",2,2
"16ASH20406",4,20,"U6202-200",2,2
"16ASH20407",4,19,"U6202-357",2,2
"16ASH20408",4,18,"U6202-112",2,2
"16ASH20409",5,18,"U6202-275",2,3
"16ASH20410",5,19,"U6202-353",2,3
"16ASH20411",5,20,"U6202-161",2,3
"16ASH20412",5,21,"FULLER",2,3
"16ASH20413",5,22,"U6202-333",2,3
"16ASH20414",5,23,"U6202-220",2,3
"16ASH20415",5,24,"U6202-318",2,3
"16ASH20416",5,25,"BLANK",2,3
"16ASH20417",5,26,"U6202-173",2,3
"16ASH20418",5,27,"U6202-262",2,3
"16ASH20419",5,28,"U6202-248",2,3
"16ASH20420",5,29,"U6202-013",2,3
"16ASH20421",5,30,"U6202-092",2,3
"16ASH20422",5,31,"U6202-217",2,3
"16ASH20423",5,32,"U6202-310",2,3
"16ASH20424",5,33,"U6202-225",2,3
"16ASH20425",5,34,"U6202-193",2,3
"16ASH20426",6,34,"U6202-324",2,3
"16ASH20427",6,33,"U6202-239",2,3
"16ASH20428",6,32,"U6202-036",2,3
"16ASH20429",6,31,"U6202-292",2,3
"16ASH20430",6,30,"U6202-066",2,3
"16ASH20431",6,29,"U6202-347",2,3
"16ASH20432",6,28,"U6202-163",2,3
"16ASH20433",6,27,"U6202-031",2,3
"16ASH20434",6,26,"LAKIN",2,3
"16ASH20435",6,25,"U6202-019",2,3
"16ASH20436",6,24,"U6202-342",2,3
"16ASH20437",6,23,"U6202-102",2,3
"16ASH20438",6,22,"U6202-362",2,3
"16ASH20439",6,21,"U6202-131",2,3
"16ASH20440",6,20,"U6202-094",2,3
"16ASH20441",6,19,"U6202-354",2,3
"16ASH20442",6,18,"U6202-288",2,3
"16ASH20443",7,18,"U6202-083",2,4
"16ASH20444",7,19,"U6202-014",2,4
"16ASH20445",7,20,"U6202-229",2,4
"16ASH20446",7,21,"U6202-232",2,4
"16ASH20447",7,22,"U6202-144",2,4
"16ASH20448",7,23,"FULLER",2,4
"16ASH20449",7,24,"U6202-087",2,4
"16ASH20450",7,25,"U6202-210",2,4
"16ASH20451",7,26,"U6202-330",2,4
"16ASH20452",7,27,"U6202-367",2,4
"16ASH20453",7,28,"U6202-179",2,4
"16ASH20454",7,29,"U6202-025",2,4
"16ASH20455",7,30,"U6202-103",2,4
"16ASH20456",7,31,"U6202-123",2,4
"16ASH20457",7,32,"U6202-204",2,4
"16ASH20458",7,33,"U6202-198",2,4
"16ASH20459",7,34,"U6202-336",2,4
"16ASH20460",8,34,"U6202-003",2,4
"16ASH20461",8,33,"U6202-165",2,4
"16ASH20462",8,32,"U6202-180",2,4
"16ASH20463",8,31,"U6202-360",2,4
"16ASH20464",8,30,"U6202-368",2,4
"16ASH20465",8,29,"U6202-090",2,4
"16ASH20466",8,28,"U6202-227",2,4
"16ASH20467",8,27,"U6202-020",2,4
"16ASH20468",8,26,"U6202-116",2,4
"16ASH20469",8,25,"U6202-286",2,4
"16ASH20470",8,24,"U6202-119",2,4
"16ASH20471",8,23,"U6202-037",2,4
"16ASH20472",8,22,"U6202-084",2,4
"16ASH20473",8,21,"U6202-062",2,4
"16ASH20474",8,20,"LAKIN",2,4
"16ASH20475",8,19,"U6202-167",2,4
"16ASH20476",8,18,"U6202-069",2,4
"16ASH20477",9,18,"U6202-296",2,5
"16ASH20478",9,19,"U6202-282",2,5
"16ASH20479",9,20,"U6202-329",2,5
"16ASH20480",9,21,"U6202-043",2,5
"16ASH20481",9,22,"U6202-331",2,5
"16ASH20482",9,23,"U6202-133",2,5
"16ASH20483",9,24,"U6202-097",2,5
"16ASH20484",9,25,"U6202-096",2,5
"16ASH20485",9,26,"U6202-273",2,5
"16ASH20486",9,27,"U6202-110",2,5
"16ASH20487",9,28,"U6202-127",2,5
"16ASH20488",9,29,"U6202-111",2,5
"16ASH20489",9,30,"U6202-208",2,5
"16ASH20490",9,31,"U6202-109",2,5
"16ASH20491",9,32,"U6202-009",2,5
"16ASH20492",9,33,"U6202-055",2,5
"16ASH20493",9,34,"LAKIN",2,5
"16ASH20494",10,34,"U6202-124",2,5
"16ASH20495",10,33,"U6202-339",2,5
"16ASH20496",10,32,"U6202-170",2,5
"16ASH20497",10,31,"U6202-202",2,5
"16ASH20498",10,30,"U6202-183",2,5
"16ASH20499",10,29,"FULLER",2,5
"16ASH20500",10,28,"U6202-001",2,5
"16ASH20501",10,27,"U6202-344",2,5
"16ASH20502",10,26,"U6202-039",2,5
"16ASH20503",10,25,"U6202-079",2,5
"16ASH20504",10,24,"U6202-182",2,5
"16ASH20505",10,23,"U6202-251",2,5
"16ASH20506",10,22,"U6202-358",2,5
"16ASH20507",10,21,"U6202-252",2,5
"16ASH20508",10,20,"U6202-304",2,5
"16ASH20509",10,19,"U6202-334",2,5
"16ASH20510",10,18,"U6202-120",2,5
"16ASH20511",11,18,"U6202-266",2,6
"16ASH20512",11,19,"FULLER",2,6
"16ASH20513",11,20,"U6202-164",2,6
"16ASH20514",11,21,"U6202-205",2,6
"16ASH20515",11,22,"U6202-149",2,6
"16ASH20516",11,23,"LAKIN",2,6
"16ASH20517",11,24,"U6202-105",2,6
"16ASH20518",11,25,"U6202-254",2,6
"16ASH20519",11,26,"U6202-260",2,6
"16ASH20520",11,27,"U6202-047",2,6
"16ASH20521",11,28,"U6202-188",2,6
"16ASH20522",11,29,"U6202-035",2,6
"16ASH20523",11,30,"U6202-366",2,6
"16ASH20524",11,31,"U6202-349",2,6
"16ASH20525",11,32,"U6202-140",2,6
"16ASH20526",11,33,"U6202-226",2,6
"16ASH20527",11,34,"U6202-078",2,6
"16ASH20528",12,34,"U6202-171",2,6
"16ASH20529",12,33,"U6202-244",2,6
"16ASH20530",12,32,"U6202-052",2,6
"16ASH20531",12,31,"U6202-230",2,6
"16ASH20532",12,30,"U6202-056",2,6
"16ASH20533",12,29,"U6202-283",2,6
"16ASH20534",12,28,"U6202-024",2,6
"16ASH20535",12,27,"U6202-129",2,6
"16ASH20536",12,26,"U6202-174",2,6
"16ASH20537",12,25,"U6202-293",2,6
"16ASH20538",12,24,"U6202-259",2,6
"16ASH20539",12,23,"U6202-277",2,6
"16ASH20540",12,22,"U6202-340",2,6
"16ASH20541",12,21,"U6202-237",2,6
"16ASH20542",12,20,"U6202-320",2,6
"16ASH20543",12,19,"U6202-261",2,6
"16ASH20544",12,18,"U6202-145",2,6
"16ASH20545",13,18,"U6202-278",2,7
"16ASH20546",13,19,"U6202-023",2,7
"16ASH20547",13,20,"U6202-312",2,7
"16ASH20548",13,21,"U6202-253",2,7
"16ASH20549",13,22,"U6202-128",2,7
"16ASH20550",13,23,"U6202-196",2,7
"16ASH20551",13,24,"U6202-030",2,7
"16ASH20552",13,25,"U6202-044",2,7
"16ASH20553",13,26,"U6202-256",2,7
"16ASH20554",13,27,"U6202-045",2,7
"16ASH20555",13,28,"U6202-136",2,7
"16ASH20556",13,29,"U6202-058",2,7
"16ASH20557",13,30,"U6202-364",2,7
"16ASH20558",13,31,"U6202-234",2,7
"16ASH20559",13,32,"U6202-166",2,7
"16ASH20560",13,33,"U6202-240",2,7
"16ASH20561",13,34,"U6202-300",2,7
"16ASH20562",14,34,"U6202-346",2,7
"16ASH20563",14,33,"U6202-033",2,7
"16ASH20564",14,32,"U6202-101",2,7
"16ASH20565",14,31,"FULLER",2,7
"16ASH20566",14,30,"U6202-359",2,7
"16ASH20567",14,29,"U6202-106",2,7
"16ASH20568",14,28,"U6202-115",2,7
"16ASH20569",14,27,"U6202-272",2,7
"16ASH20570",14,26,"U6202-297",2,7
"16ASH20571",14,25,"U6202-322",2,7
"16ASH20572",14,24,"U6202-185",2,7
"16ASH20573",14,23,"U6202-337",2,7
"16ASH20574",14,22,"U6202-209",2,7
"16ASH20575",14,21,"U6202-046",2,7
"16ASH20576",14,20,"LAKIN",2,7
"16ASH20577",14,19,"U6202-306",2,7
"16ASH20578",14,18,"U6202-042",2,7
"16ASH20579",15,18,"U6202-158",2,8
"16ASH20580",15,19,"U6202-157",2,8
"16ASH20581",15,20,"U6202-215",2,8
"16ASH20582",15,21,"U6202-059",2,8
"16ASH20583",15,22,"U6202-048",2,8
"16ASH20584",15,23,"U6202-061",2,8
"16ASH20585",15,24,"U6202-152",2,8
"16ASH20586",15,25,"U6202-319",2,8
"16ASH20587",15,26,"U6202-010",2,8
"16ASH20588",15,27,"U6202-012",2,8
"16ASH20589",15,28,"FULLER",2,8
"16ASH20590",15,29,"U6202-068",2,8
"16ASH20591",15,30,"U6202-159",2,8
"16ASH20592",15,31,"U6202-057",2,8
"16ASH20593",15,32,"U6202-070",2,8
"16ASH20594",15,33,"U6202-314",2,8
"16ASH20595",15,34,"U6202-303",2,8
"16ASH20596",16,34,"U6202-071",2,8
"16ASH20597",16,33,"U6202-201",2,8
"16ASH20598",16,32,"U6202-015",2,8
"16ASH20599",16,31,"LAKIN",2,8
"16ASH20600",16,30,"U6202-365",2,8
"16ASH20601",16,29,"U6202-065",2,8
"16ASH20602",16,28,"U6202-099",2,8
"16ASH20603",16,27,"U6202-291",2,8
"16ASH20604",16,26,"BLANK",2,8
"16ASH20605",16,25,"U6202-267",2,8
"16ASH20606",16,24,"U6202-192",2,8
"16ASH20607",16,23,"U6202-130",2,8
"16ASH20608",16,22,"U6202-203",2,8
"16ASH20609",16,21,"U6202-050",2,8
"16ASH20610",16,20,"U6202-249",2,8
"16ASH20611",16,19,"U6202-076",2,8
"16ASH20612",16,18,"U6202-276",2,8
"16ASH20613",17,18,"U6202-108",2,9
"16ASH20614",17,19,"U6202-117",2,9
"16ASH20615",17,20,"U6202-150",2,9
"16ASH20616",17,21,"U6202-224",2,9
"16ASH20617",17,22,"U6202-072",2,9
"16ASH20618",17,23,"U6202-311",2,9
"16ASH20619",17,24,"U6202-162",2,9
"16ASH20620",17,25,"U6202-298",2,9
"16ASH20621",17,26,"U6202-338",2,9
"16ASH20622",17,27,"U6202-243",2,9
"16ASH20623",17,28,"U6202-104",2,9
"16ASH20624",17,29,"U6202-018",2,9
"16ASH20625",17,30,"U6202-067",2,9
"16ASH20626",17,31,"U6202-148",2,9
"16ASH20627",17,32,"U6202-317",2,9
"16ASH20628",17,33,"U6202-356",2,9
"16ASH20629",17,34,"U6202-325",2,9
"16ASH20630",18,34,"U6202-363",2,9
"16ASH20631",18,33,"U6202-216",2,9
"16ASH20632",18,32,"U6202-323",2,9
"16ASH20633",18,31,"U6202-189",2,9
"16ASH20634",18,30,"U6202-063",2,9
"16ASH20635",18,29,"U6202-156",2,9
"16ASH20636",18,28,"U6202-175",2,9
"16ASH20637",18,27,"FULLER",2,9
"16ASH20638",18,26,"U6202-176",2,9
"16ASH20639",18,25,"U6202-177",2,9
"16ASH20640",18,24,"U6202-016",2,9
"16ASH20641",18,23,"U6202-350",2,9
"16ASH20642",18,22,"U6202-236",2,9
"16ASH20643",18,21,"LAKIN",2,9
"16ASH20644",18,20,"U6202-054",2,9
"16ASH20645",18,19,"U6202-040",2,9
"16ASH20646",18,18,"U6202-214",2,9
"16ASH20647",19,18,"U6202-017",2,10
"16ASH20648",19,19,"U6202-274",2,10
"16ASH20649",19,20,"U6202-255",2,10
"16ASH20650",19,21,"U6202-113",2,10
"16ASH20651",19,22,"U6202-064",2,10
"16ASH20652",19,23,"U6202-154",2,10
"16ASH20653",19,24,"U6202-132",2,10
"16ASH20654",19,25,"U6202-034",2,10
"16ASH20655",19,26,"U6202-211",2,10
"16ASH20656",19,27,"U6202-187",2,10
"16ASH20657",19,28,"U6202-080",2,10
"16ASH20658",19,29,"U6202-241",2,10
"16ASH20659",19,30,"U6202-238",2,10
"16ASH20660",19,31,"U6202-305",2,10
"16ASH20661",19,32,"U6202-213",2,10
"16ASH20662",19,33,"U6202-178",2,10
"16ASH20663",19,34,"U6202-186",2,10
"16ASH20664",20,34,"U6202-051",2,10
"16ASH20665",20,33,"U6202-355",2,10
"16ASH20666",20,32,"U6202-181",2,10
"16ASH20667",20,31,"U6202-257",2,10
"16ASH20668",20,30,"U6202-308",2,10
"16ASH20669",20,29,"U6202-004",2,10
"16ASH20670",20,28,"U6202-294",2,10
"16ASH20671",20,27,"U6202-038",2,10
"16ASH20672",20,26,"LAKIN",2,10
"16ASH20673",20,25,"U6202-231",2,10
"16ASH20674",20,24,"U6202-060",2,10
"16ASH20675",20,23,"U6202-271",2,10
"16ASH20676",20,22,"U6202-011",2,10
"16ASH20677",20,21,"U6202-343",2,10
"16ASH20678",20,20,"FULLER",2,10
"16ASH20679",20,19,"U6202-027",2,10
"16ASH20680",20,18,"U6202-151",2,10
"17ASH20001",1,1,"U6202-362",1,1
"17ASH20002",1,2,"U6202-079",1,1
"17ASH20003",1,3,"LAKIN",1,1
"17ASH20004",1,4,"U6202-213",1,1
"17ASH20005",1,5,"U6202-177",1,1
"17ASH20006",1,6,"U6202-198",1,1
"17ASH20007",1,7,"U6202-193",1,1
"17ASH20008",1,8,"U6202-044",1,1
"17ASH20009",1,9,"U6202-318",1,1
"17ASH20010",1,10,"U6202-229",1,1
"17ASH20011",1,11,"U6202-158",1,1
"17ASH20012",1,12,"U6202-215",1,1
"17ASH20013",1,13,"U6202-191",1,1
"17ASH20014",2,13,"U6202-033",1,2
"17ASH20015",2,12,"U6202-052",1,2
"17ASH20016",2,11,"U6202-066",1,2
"17ASH20017",2,10,"U6202-124",1,2
"17ASH20018",2,9,"U6202-335",1,2
"17ASH20019",2,8,"U6202-013",1,2
"17ASH20020",2,7,"U6202-340",1,2
"17ASH20021",2,6,"U6202-357",1,2
"17ASH20022",2,5,"U6202-156",1,2
"17ASH20023",2,4,"U6202-196",1,2
"17ASH20024",2,3,"U6202-112",1,2
"17ASH20025",2,2,"U6202-222",1,2
"17ASH20026",2,1,"U6202-076",1,2
"17ASH20027",3,1,"U6202-354",1,3
"17ASH20028",3,2,"U6202-056",1,3
"17ASH20029",3,3,"U6202-037",1,3
"17ASH20030",3,4,"U6202-239",1,3
"17ASH20031",3,5,"U6202-001",1,3
"17ASH20032",3,6,"U6202-283",1,3
"17ASH20033",3,7,"U6202-329",1,3
"17ASH20034",3,8,"U6202-032",1,3
"17ASH20035",3,9,"U6202-157",1,3
"17ASH20036",3,10,"U6202-067",1,3
"17ASH20037",3,11,"U6202-341",1,3
"17ASH20038",3,12,"U6202-363",1,3
"17ASH20039",3,13,"U6202-270",1,3
"17ASH20040",4,13,"U6202-276",1,4
"17ASH20041",4,12,"U6202-168",1,4
"17ASH20042",4,11,"U6202-132",1,4
"17ASH20043",4,10,"U6202-320",1,4
"17ASH20044",4,9,"U6202-084",1,4
"17ASH20045",4,8,"LAKIN",1,4
"17ASH20046",4,7,"U6202-311",1,4
"17ASH20047",4,6,"U6202-181",1,4
"17ASH20048",4,5,"FULLER",1,4
"17ASH20049",4,4,"U6202-097",1,4
"17ASH20050",4,3,"U6202-068",1,4
"17ASH20051",4,2,"U6202-003",1,4
"17ASH20052",4,1,"U6202-161",1,4
"17ASH20053",5,1,"U6202-315",1,5
"17ASH20054",5,2,"U6202-303",1,5
"17ASH20055",5,3,"U6202-092",1,5
"17ASH20056",5,4,"U6202-206",1,5
"17ASH20057",5,5,"U6202-252",1,5
"17ASH20058",5,6,"U6202-353",1,5
"17ASH20059",5,7,"U6202-159",1,5
"17ASH20060",5,8,"U6202-188",1,5
"17ASH20061",5,9,"U6202-051",1,5
"17ASH20062",5,10,"U6202-183",1,5
"17ASH20063",5,11,"U6202-328",1,5
"17ASH20064",5,12,"U6202-025",1,5
"17ASH20065",5,13,"U6202-261",1,5
"17ASH20066",6,13,"U6202-365",1,6
"17ASH20067",6,12,"U6202-296",1,6
"17ASH20068",6,11,"U6202-099",1,6
"17ASH20069",6,10,"U6202-078",1,6
"17ASH20070",6,9,"FULLER",1,6
"17ASH20071",6,8,"U6202-227",1,6
"17ASH20072",6,7,"U6202-139",1,6
"17ASH20073",6,6,"U6202-145",1,6
"17ASH20074",6,5,"U6202-204",1,6
"17ASH20075",6,4,"U6202-194",1,6
"17ASH20076",6,3,"U6202-358",1,6
"17ASH20077",6,2,"U6202-271",1,6
"17ASH20078",6,1,"U6202-256",1,6
"17ASH20079",7,1,"FULLER",1,7
"17ASH20080",7,2,"U6202-019",1,7
"17ASH20081",7,3,"U6202-241",1,7
"17ASH20082",7,4,"U6202-257",1,7
"17ASH20083",7,5,"U6202-334",1,7
"17ASH20084",7,6,"U6202-351",1,7
"17ASH20085",7,7,"U6202-255",1,7
"17ASH20086",7,8,"U6202-036",1,7
"17ASH20087",7,9,"U6202-277",1,7
"17ASH20088",7,10,"U6202-343",1,7
"17ASH20089",7,11,"U6202-249",1,7
"17ASH20090",7,12,"U6202-153",1,7
"17ASH20091",7,13,"U6202-134",1,7
"17ASH20092",8,13,"U6202-212",1,8
"17ASH20093",8,12,"U6202-137",1,8
"17ASH20094",8,11,"U6202-187",1,8
"17ASH20095",8,10,"U6202-326",1,8
"17ASH20096",8,9,"U6202-350",1,8
"17ASH20097",8,8,"U6202-259",1,8
"17ASH20098",8,7,"U6202-074",1,8
"17ASH20099",8,6,"U6202-264",1,8
"17ASH20100",8,5,"U6202-175",1,8
"17ASH20101",8,4,"U6202-275",1,8
"17ASH20102",8,3,"U6202-192",1,8
"17ASH20103",8,2,"U6202-331",1,8
"17ASH20104",8,1,"U6202-260",1,8
"17ASH20105",9,1,"U6202-297",1,9
"17ASH20106",9,2,"U6202-129",1,9
"17ASH20107",9,3,"U6202-101",1,9
"17ASH20108",9,4,"U6202-071",1,9
"17ASH20109",9,5,"U6202-055",1,9
"17ASH20110",9,6,"U6202-186",1,9
"17ASH20111",9,7,"U6202-109",1,9
"17ASH20112",9,8,"U6202-230",1,9
"17ASH20113",9,9,"U6202-337",1,9
"17ASH20114",9,10,"U6202-123",1,9
"17ASH20115",9,11,"U6202-146",1,9
"17ASH20116",9,12,"U6202-179",1,9
"17ASH20117",9,13,"U6202-349",1,9
"17ASH20118",10,13,"U6202-345",1,10
"17ASH20119",10,12,"U6202-310",1,10
"17ASH20120",10,11,"U6202-203",1,10
"17ASH20121",10,10,"U6202-243",1,10
"17ASH20122",10,9,"U6202-140",1,10
"17ASH20123",10,8,"U6202-083",1,10
"17ASH20124",10,7,"U6202-116",1,10
"17ASH20125",10,6,"U6202-163",1,10
"17ASH20126",10,5,"U6202-266",1,10
"17ASH20127",10,4,"U6202-005",1,10
"17ASH20128",10,3,"U6202-144",1,10
"17ASH20129",10,2,"U6202-178",1,10
"17ASH20130",10,1,"U6202-080",1,10
"17ASH20131",11,1,"U6202-294",1,11
"17ASH20132",11,2,"U6202-043",1,11
"17ASH20133",11,3,"U6202-223",1,11
"17ASH20134",11,4,"U6202-238",1,11
"17ASH20135",11,5,"FULLER",1,11
"17ASH20136",11,6,"U6202-016",1,11
"17ASH20137",11,7,"U6202-070",1,11
"17ASH20138",11,8,"U6202-111",1,11
"17ASH20139",11,9,"LAKIN",1,11
"17ASH20140",11,10,"U6202-281",1,11
"17ASH20141",11,11,"U6202-142",1,11
"17ASH20142",11,12,"U6202-272",1,11
"17ASH20143",11,13,"U6202-018",1,11
"17ASH20144",12,13,"U6202-042",1,12
"17ASH20145",12,12,"U6202-115",1,12
"17ASH20146",12,11,"U6202-113",1,12
"17ASH20147",12,10,"U6202-173",1,12
"17ASH20148",12,9,"U6202-105",1,12
"17ASH20149",12,8,"U6202-030",1,12
"17ASH20150",12,7,"U6202-009",1,12
"17ASH20151",12,6,"U6202-143",1,12
"17ASH20152",12,5,"U6202-267",1,12
"17ASH20153",12,4,"U6202-035",1,12
"17ASH20154",12,3,"U6202-011",1,12
"17ASH20155",12,2,"U6202-322",1,12
"17ASH20156",12,1,"U6202-120",1,12
"17ASH20157",13,1,"U6202-325",1,13
"17ASH20158",13,2,"U6202-254",1,13
"17ASH20159",13,3,"U6202-246",1,13
"17ASH20160",13,4,"U6202-189",1,13
"17ASH20161",13,5,"U6202-216",1,13
"17ASH20162",13,6,"U6202-336",1,13
"17ASH20163",13,7,"U6202-201",1,13
"17ASH20164",13,8,"U6202-106",1,13
"17ASH20165",13,9,"LAKIN",1,13
"17ASH20166",13,10,"U6202-104",1,13
"17ASH20167",13,11,"U6202-171",1,13
"17ASH20168",13,12,"U6202-180",1,13
"17ASH20169",13,13,"U6202-367",1,13
"17ASH20170",14,13,"U6202-224",1,14
"17ASH20171",14,12,"U6202-207",1,14
"17ASH20172",14,11,"FULLER",1,14
"17ASH20173",14,10,"U6202-128",1,14
"17ASH20174",14,9,"U6202-127",1,14
"17ASH20175",14,8,"U6202-048",1,14
"17ASH20176",14,7,"U6202-165",1,14
"17ASH20177",14,6,"U6202-054",1,14
"17ASH20178",14,5,"U6202-058",1,14
"17ASH20179",14,4,"U6202-360",1,14
"17ASH20180",14,3,"U6202-027",1,14
"17ASH20181",14,2,"U6202-300",1,14
"17ASH20182",14,1,"U6202-304",1,14
"17ASH20183",15,1,"U6202-122",1,15
"17ASH20184",15,2,"U6202-308",1,15
"17ASH20185",15,3,"U6202-170",1,15
"17ASH20186",15,4,"U6202-087",1,15
"17ASH20187",15,5,"U6202-040",1,15
"17ASH20188",15,6,"U6202-090",1,15
"17ASH20189",15,7,"U6202-202",1,15
"17ASH20190",15,8,"U6202-184",1,15
"17ASH20191",15,9,"U6202-200",1,15
"17ASH20192",15,10,"U6202-348",1,15
"17ASH20193",15,11,"U6202-210",1,15
"17ASH20194",15,12,"U6202-152",1,15
"17ASH20195",15,13,"U6202-096",1,15
"17ASH20196",16,13,"U6202-342",1,16
"17ASH20197",16,12,"U6202-038",1,16
"17ASH20198",16,11,"U6202-314",1,16
"17ASH20199",16,10,"U6202-197",1,16
"17ASH20200",16,9,"U6202-072",1,16
"17ASH20201",16,8,"U6202-258",1,16
"17ASH20202",16,7,"U6202-077",1,16
"17ASH20203",16,6,"U6202-232",1,16
"17ASH20204",16,5,"U6202-028",1,16
"17ASH20205",16,4,"FULLER",1,16
"17ASH20206",16,3,"U6202-108",1,16
"17ASH20207",16,2,"LAKIN",1,16
"17ASH20208",16,1,"U6202-131",1,16
"17ASH20209",17,1,"U6202-059",1,17
"17ASH20210",17,2,"U6202-121",1,17
"17ASH20211",17,3,"U6202-169",1,17
"17ASH20212",17,4,"U6202-253",1,17
"17ASH20213",17,5,"U6202-164",1,17
"17ASH20214",17,6,"U6202-282",1,17
"17ASH20215",17,7,"U6202-082",1,17
"17ASH20216",17,8,"U6202-355",1,17
"17ASH20217",17,9,"U6202-339",1,17
"17ASH20218",17,10,"U6202-138",1,17
"17ASH20219",17,11,"U6202-103",1,17
"17ASH20220",17,12,"U6202-017",1,17
"17ASH20221",17,13,"U6202-234",1,17
"17ASH20222",18,13,"U6202-235",1,18
"17ASH20223",18,12,"U6202-214",1,18
"17ASH20224",18,11,"U6202-295",1,18
"17ASH20225",18,10,"U6202-110",1,18
"17ASH20226",18,9,"U6202-368",1,18
"17ASH20227",18,8,"U6202-050",1,18
"17ASH20228",18,7,"U6202-226",1,18
"17ASH20229",18,6,"U6202-148",1,18
"17ASH20230",18,5,"U6202-150",1,18
"17ASH20231",18,4,"U6202-286",1,18
"17ASH20232",18,3,"U6202-273",1,18
"17ASH20233",18,2,"U6202-024",1,18
"17ASH20234",18,1,"U6202-136",1,18
"17ASH20235",19,1,"U6202-176",1,19
"17ASH20236",19,2,"U6202-344",1,19
"17ASH20237",19,3,"U6202-209",1,19
"17ASH20238",19,4,"U6202-338",1,19
"17ASH20239",19,5,"U6202-332",1,19
"17ASH20240",19,6,"U6202-220",1,19
"17ASH20241",19,7,"FULLER",1,19
"17ASH20242",19,8,"U6202-031",1,19
"17ASH20243",19,9,"LAKIN",1,19
"17ASH20244",19,10,"U6202-063",1,19
"17ASH20245",19,11,"U6202-064",1,19
"17ASH20246",19,12,"U6202-245",1,19
"17ASH20247",19,13,"U6202-240",1,19
"17ASH20248",20,13,"U6202-162",1,20
"17ASH20249",20,12,"U6202-346",1,20
"17ASH20250",20,11,"U6202-356",1,20
"17ASH20251",20,10,"U6202-244",1,20
"17ASH20252",20,9,"U6202-185",1,20
"17ASH20253",20,8,"U6202-307",1,20
"17ASH20254",20,7,"U6202-319",1,20
"17ASH20255",21,6,"FULLER",1,21
"17ASH20256",20,5,"U6202-323",1,20
"17ASH20257",20,4,"U6202-316",1,20
"17ASH20258",20,3,"U6202-293",1,20
"17ASH20259",20,2,"U6202-149",1,20
"17ASH20260",20,1,"U6202-208",1,20
"17ASH20261",21,1,"U6202-062",1,21
"17ASH20262",21,2,"U6202-237",1,21
"17ASH20263",21,3,"LAKIN",1,21
"17ASH20264",21,4,"U6202-060",1,21
"17ASH20265",21,5,"U6202-004",1,21
"17ASH20266",20,6,"U6202-312",1,20
"17ASH20267",21,7,"U6202-020",1,21
"17ASH20268",21,8,"U6202-061",1,21
"17ASH20269",21,9,"U6202-045",1,21
"17ASH20270",21,10,"U6202-094",1,21
"17ASH20271",21,11,"U6202-278",1,21
"17ASH20272",21,12,"U6202-288",1,21
"17ASH20273",21,13,"U6202-012",1,21
"17ASH20274",22,13,"U6202-321",1,22
"17ASH20275",22,12,"U6202-057",1,22
"17ASH20276",22,11,"LAKIN",1,22
"17ASH20277",22,10,"U6202-217",1,22
"17ASH20278",22,9,"U6202-167",1,22
"17ASH20279",22,8,"U6202-364",1,22
"17ASH20280",22,7,"U6202-317",1,22
"17ASH20281",22,6,"U6202-231",1,22
"17ASH20282",22,5,"U6202-069",1,22
"17ASH20283",22,4,"U6202-333",1,22
"17ASH20284",22,3,"U6202-242",1,22
"17ASH20285",22,2,"U6202-359",1,22
"17ASH20286",22,1,"U6202-166",1,22
"17ASH20287",23,1,"U6202-306",1,23
"17ASH20288",23,2,"U6202-292",1,23
"17ASH20289",23,3,"U6202-154",1,23
"17ASH20290",23,4,"U6202-046",1,23
"17ASH20291",23,5,"U6202-225",1,23
"17ASH20292",23,6,"U6202-366",1,23
"17ASH20293",23,7,"U6202-262",1,23
"17ASH20294",23,8,"U6202-117",1,23
"17ASH20295",23,9,"U6202-088",1,23
"17ASH20296",23,10,"U6202-291",1,23
"17ASH20297",23,11,"U6202-034",1,23
"17ASH20298",23,12,"U6202-151",1,23
"17ASH20299",23,13,"U6202-361",1,23
"17ASH20300",24,13,"LAKIN",1,24
"17ASH20301",24,12,"U6202-205",1,24
"17ASH20302",24,11,"U6202-047",1,24
"17ASH20303",24,10,"U6202-014",1,24
"17ASH20304",24,9,"U6202-211",1,24
"17ASH20305",24,8,"U6202-199",1,24
"17ASH20306",24,7,"U6202-102",1,24
"17ASH20307",24,6,"U6202-248",1,24
"17ASH20308",24,5,"U6202-023",1,24
"17ASH20309",24,4,"U6202-118",1,24
"17ASH20310",24,3,"U6202-236",1,24
"17ASH20311",24,2,"U6202-141",1,24
"17ASH20312",24,1,"U6202-330",1,24
"17ASH20313",25,1,"U6202-010",1,25
"17ASH20314",25,2,"U6202-250",1,25
"17ASH20315",25,3,"U6202-174",1,25
"17ASH20316",25,4,"U6202-021",1,25
"17ASH20317",25,5,"U6202-251",1,25
"17ASH20318",25,6,"U6202-290",1,25
"17ASH20319",25,7,"FULLER",1,25
"17ASH20320",25,8,"U6202-298",1,25
"17ASH20321",25,9,"U6202-324",1,25
"17ASH20322",25,10,"U6202-280",1,25
"17ASH20323",25,11,"U6202-182",1,25
"17ASH20324",25,12,"U6202-285",1,25
"17ASH20325",25,13,"U6202-119",1,25
"17ASH20326",26,13,"U6202-305",1,26
"17ASH20327",26,12,"U6202-015",1,26
"17ASH20328",26,11,"U6202-274",1,26
"17ASH20329",26,10,"U6202-126",1,26
"17ASH20330",26,9,"U6202-347",1,26
"17ASH20331",26,8,"U6202-039",1,26
"17ASH20332",26,7,"U6202-130",1,26
"17ASH20333",26,6,"LAKIN",1,26
"17ASH20334",26,5,"U6202-029",1,26
"17ASH20335",26,4,"U6202-301",1,26
"17ASH20336",26,3,"FULLER",1,26
"17ASH20337",26,2,"U6202-133",1,26
"17ASH20338",26,1,"U6202-065",1,26
"17ASH20339",1,14,"U6202-217",2,1
"17ASH20340",1,15,"U6202-211",2,1
"17ASH20341",1,16,"U6202-065",2,1
"17ASH20342",1,17,"U6202-236",2,1
"17ASH20343",1,18,"U6202-038",2,1
"17ASH20344",1,19,"U6202-143",2,1
"17ASH20345",1,20,"U6202-271",2,1
"17ASH20346",1,21,"U6202-351",2,1
"17ASH20347",1,22,"U6202-109",2,1
"17ASH20348",1,23,"U6202-138",2,1
"17ASH20349",1,24,"U6202-290",2,1
"17ASH20350",1,25,"LAKIN",2,1
"17ASH20351",1,26,"U6202-201",2,1
"17ASH20352",2,26,"U6202-139",2,2
"17ASH20353",2,25,"U6202-365",2,2
"17ASH20354",2,24,"U6202-191",2,2
"17ASH20355",2,23,"U6202-076",2,2
"17ASH20356",2,22,"U6202-235",2,2
"17ASH20357",2,21,"FULLER",2,2
"17ASH20358",2,20,"U6202-017",2,2
"17ASH20359",2,19,"U6202-356",2,2
"17ASH20360",2,18,"U6202-039",2,2
"17ASH20361",2,17,"U6202-332",2,2
"17ASH20362",2,16,"U6202-064",2,2
"17ASH20363",2,15,"U6202-175",2,2
"17ASH20364",2,14,"U6202-345",2,2
"17ASH20365",3,14,"U6202-273",2,3
"17ASH20366",3,15,"U6202-079",2,3
"17ASH20367",3,16,"U6202-144",2,3
"17ASH20368",3,17,"U6202-042",2,3
"17ASH20369",3,18,"U6202-028",2,3
"17ASH20370",3,19,"U6202-018",2,3
"17ASH20371",3,20,"U6202-306",2,3
"17ASH20372",3,21,"U6202-127",2,3
"17ASH20373",3,22,"U6202-353",2,3
"17ASH20374",3,23,"LAKIN",2,3
"17ASH20375",3,24,"U6202-112",2,3
"17ASH20376",3,25,"U6202-256",2,3
"17ASH20377",3,26,"U6202-240",2,3
"17ASH20378",4,26,"U6202-209",2,4
"17ASH20379",4,25,"U6202-295",2,4
"17ASH20380",4,24,"U6202-050",2,4
"17ASH20381",4,23,"U6202-167",2,4
"17ASH20382",4,22,"U6202-033",2,4
"17ASH20383",4,21,"U6202-316",2,4
"17ASH20384",4,20,"U6202-226",2,4
"17ASH20385",4,19,"U6202-310",2,4
"17ASH20386",4,18,"U6202-205",2,4
"17ASH20387",4,17,"U6202-177",2,4
"17ASH20388",4,16,"U6202-343",2,4
"17ASH20389",4,15,"U6202-058",2,4
"17ASH20390",4,14,"U6202-254",2,4
"17ASH20391",5,14,"U6202-366",2,5
"17ASH20392",5,15,"U6202-276",2,5
"17ASH20393",5,16,"U6202-248",2,5
"17ASH20394",5,17,"LAKIN",2,5
"17ASH20395",5,18,"U6202-188",2,5
"17ASH20396",5,19,"U6202-048",2,5
"17ASH20397",5,20,"U6202-054",2,5
"17ASH20398",5,21,"U6202-034",2,5
"17ASH20399",5,22,"U6202-151",2,5
"17ASH20400",5,23,"U6202-025",2,5
"17ASH20401",5,24,"U6202-113",2,5
"17ASH20402",5,25,"U6202-298",2,5
"17ASH20403",5,26,"U6202-148",2,5
"17ASH20404",6,26,"U6202-023",2,6
"17ASH20405",6,25,"U6202-274",2,6
"17ASH20406",6,24,"U6202-293",2,6
"17ASH20407",6,23,"U6202-083",2,6
"17ASH20408",6,22,"U6202-303",2,6
"17ASH20409",6,21,"U6202-296",2,6
"17ASH20410",6,20,"U6202-092",2,6
"17ASH20411",6,19,"U6202-326",2,6
"17ASH20412",6,18,"U6202-133",2,6
"17ASH20413",6,17,"U6202-333",2,6
"17ASH20414",6,16,"U6202-080",2,6
"17ASH20415",6,15,"U6202-364",2,6
"17ASH20416",6,14,"U6202-126",2,6
"17ASH20417",7,14,"U6202-117",2,7
"17ASH20418",7,15,"U6202-361",2,7
"17ASH20419",7,16,"U6202-328",2,7
"17ASH20420",7,17,"U6202-104",2,7
"17ASH20421",7,18,"U6202-341",2,7
"17ASH20422",7,19,"U6202-146",2,7
"17ASH20423",7,20,"U6202-140",2,7
"17ASH20424",7,21,"U6202-105",2,7
"17ASH20425",7,22,"U6202-072",2,7
"17ASH20426",7,23,"U6202-286",2,7
"17ASH20427",7,24,"U6202-196",2,7
"17ASH20428",7,25,"U6202-082",2,7
"17ASH20429",7,26,"U6202-320",2,7
"17ASH20430",8,26,"U6202-150",2,8
"17ASH20431",8,25,"U6202-137",2,8
"17ASH20432",8,24,"U6202-230",2,8
"17ASH20433",8,23,"U6202-152",2,8
"17ASH20434",8,22,"U6202-090",2,8
"17ASH20435",8,21,"U6202-255",2,8
"17ASH20436",8,20,"U6202-347",2,8
"17ASH20437",8,19,"U6202-145",2,8
"17ASH20438",8,18,"U6202-010",2,8
"17ASH20439",8,17,"LAKIN",2,8
"17ASH20440",8,16,"U6202-121",2,8
"17ASH20441",8,15,"U6202-245",2,8
"17ASH20442",8,14,"U6202-128",2,8
"17ASH20443",9,14,"U6202-187",2,9
"17ASH20444",9,15,"U6202-337",2,9
"17ASH20445",9,16,"U6202-360",2,9
"17ASH20446",9,17,"U6202-134",2,9
"17ASH20447",9,18,"U6202-224",2,9
"17ASH20448",9,19,"U6202-055",2,9
"17ASH20449",9,20,"U6202-130",2,9
"17ASH20450",9,21,"U6202-015",2,9
"17ASH20451",9,22,"U6202-157",2,9
"17ASH20452",9,23,"FULLER",2,9
"17ASH20453",9,24,"U6202-103",2,9
"17ASH20454",9,25,"U6202-199",2,9
"17ASH20455",9,26,"U6202-014",2,9
"17ASH20456",10,26,"U6202-035",2,10
"17ASH20457",10,25,"U6202-227",2,10
"17ASH20458",10,24,"U6202-204",2,10
"17ASH20459",10,23,"U6202-285",2,10
"17ASH20460",10,22,"U6202-119",2,10
"17ASH20461",10,21,"U6202-163",2,10
"17ASH20462",10,20,"U6202-046",2,10
"17ASH20463",10,19,"U6202-237",2,10
"17ASH20464",10,18,"U6202-181",2,10
"17ASH20465",10,17,"U6202-307",2,10
"17ASH20466",10,16,"U6202-020",2,10
"17ASH20467",10,15,"U6202-057",2,10
"17ASH20468",10,14,"U6202-339",2,10
"17ASH20469",11,14,"U6202-264",2,11
"17ASH20470",11,15,"FULLER",2,11
"17ASH20471",11,16,"U6202-349",2,11
"17ASH20472",11,17,"U6202-207",2,11
"17ASH20473",11,18,"U6202-354",2,11
"17ASH20474",11,19,"U6202-244",2,11
"17ASH20475",11,20,"U6202-198",2,11
"17ASH20476",11,21,"U6202-362",2,11
"17ASH20477",11,22,"U6202-238",2,11
"17ASH20478",11,23,"U6202-183",2,11
"17ASH20479",11,24,"U6202-300",2,11
"17ASH20480",11,25,"U6202-169",2,11
"17ASH20481",11,26,"U6202-132",2,11
"17ASH20482",12,26,"U6202-292",2,12
"17ASH20483",12,25,"U6202-223",2,12
"17ASH20484",12,24,"U6202-194",2,12
"17ASH20485",12,23,"U6202-324",2,12
"17ASH20486",12,22,"FULLER",2,12
"17ASH20487",12,21,"U6202-165",2,12
"17ASH20488",12,20,"U6202-069",2,12
"17ASH20489",12,19,"U6202-077",2,12
"17ASH20490",12,18,"U6202-208",2,12
"17ASH20491",12,17,"U6202-197",2,12
"17ASH20492",12,16,"U6202-027",2,12
"17ASH20493",12,15,"U6202-315",2,12
"17ASH20494",12,14,"U6202-308",2,12
"17ASH20495",13,14,"LAKIN",2,13
"17ASH20496",13,15,"U6202-106",2,13
"17ASH20497",13,16,"U6202-004",2,13
"17ASH20498",13,17,"U6202-275",2,13
"17ASH20499",13,18,"U6202-120",2,13
"17ASH20500",13,19,"U6202-243",2,13
"17ASH20501",13,20,"U6202-277",2,13
"17ASH20502",13,21,"U6202-011",2,13
"17ASH20503",13,22,"U6202-342",2,13
"17ASH20504",13,23,"U6202-176",2,13
"17ASH20505",13,24,"U6202-068",2,13
"17ASH20506",13,25,"U6202-358",2,13
"17ASH20507",13,26,"U6202-340",2,13
"17ASH20508",14,26,"U6202-116",2,14
"17ASH20509",14,25,"U6202-001",2,14
"17ASH20510",14,24,"U6202-153",2,14
"17ASH20511",14,23,"U6202-170",2,14
"17ASH20512",14,22,"U6202-173",2,14
"17ASH20513",14,21,"U6202-363",2,14
"17ASH20514",14,20,"U6202-009",2,14
"17ASH20515",14,19,"U6202-258",2,14
"17ASH20516",14,18,"U6202-101",2,14
"17ASH20517",14,17,"U6202-344",2,14
"17ASH20518",14,16,"U6202-330",2,14
"17ASH20519",14,15,"U6202-045",2,14
"17ASH20520",14,14,"U6202-060",2,14
"17ASH20521",15,14,"U6202-331",2,15
"17ASH20522",15,15,"U6202-087",2,15
"17ASH20523",15,16,"U6202-288",2,15
"17ASH20524",15,17,"U6202-232",2,15
"17ASH20525",15,18,"U6202-334",2,15
"17ASH20526",15,19,"FULLER",2,15
"17ASH20527",15,20,"U6202-319",2,15
"17ASH20528",15,21,"U6202-252",2,15
"17ASH20529",15,22,"U6202-154",2,15
"17ASH20530",15,23,"U6202-336",2,15
"17ASH20531",15,24,"U6202-037",2,15
"17ASH20532",15,25,"U6202-282",2,15
"17ASH20533",15,26,"U6202-136",2,15
"17ASH20534",16,26,"U6202-016",2,16
"17ASH20535",16,25,"FULLER",2,16
"17ASH20536",16,24,"U6202-056",2,16
"17ASH20537",16,23,"U6202-367",2,16
"17ASH20538",16,22,"U6202-234",2,16
"17ASH20539",16,21,"U6202-029",2,16
"17ASH20540",16,20,"U6202-186",2,16
"17ASH20541",16,19,"U6202-099",2,16
"17ASH20542",16,18,"U6202-262",2,16
"17ASH20543",16,17,"U6202-032",2,16
"17ASH20544",16,16,"U6202-253",2,16
"17ASH20545",16,15,"U6202-061",2,16
"17ASH20546",16,14,"U6202-040",2,16
"17ASH20547",17,14,"FULLER",2,17
"17ASH20548",17,15,"U6202-067",2,17
"17ASH20549",17,16,"U6202-283",2,17
"17ASH20550",17,17,"U6202-259",2,17
"17ASH20551",17,18,"U6202-003",2,17
"17ASH20552",17,19,"U6202-193",2,17
"17ASH20553",17,20,"U6202-179",2,17
"17ASH20554",17,21,"U6202-200",2,17
"17ASH20555",17,22,"U6202-074",2,17
"17ASH20556",17,23,"U6202-141",2,17
"17ASH20557",17,24,"U6202-297",2,17
"17ASH20558",17,25,"U6202-357",2,17
"17ASH20559",17,26,"U6202-322",2,17
"17ASH20560",18,26,"U6202-291",2,18
"17ASH20561",18,25,"U6202-005",2,18
"17ASH20562",18,24,"U6202-044",2,18
"17ASH20563",18,23,"U6202-212",2,18
"17ASH20564",18,22,"U6202-180",2,18
"17ASH20565",18,21,"LAKIN",2,18
"17ASH20566",18,20,"U6202-215",2,18
"17ASH20567",18,19,"U6202-108",2,18
"17ASH20568",18,18,"U6202-166",2,18
"17ASH20569",18,17,"U6202-123",2,18
"17ASH20570",18,16,"U6202-189",2,18
"17ASH20571",18,15,"U6202-241",2,18
"17ASH20572",18,14,"U6202-013",2,18
"17ASH20573",19,14,"U6202-024",2,19
"17ASH20574",19,15,"U6202-124",2,19
"17ASH20575",19,16,"U6202-272",2,19
"17ASH20576",19,17,"U6202-030",2,19
"17ASH20577",19,18,"U6202-214",2,19
"17ASH20578",19,19,"U6202-059",2,19
"17ASH20579",19,20,"U6202-350",2,19
"17ASH20580",19,21,"U6202-246",2,19
"17ASH20581",19,22,"U6202-225",2,19
"17ASH20582",19,23,"U6202-251",2,19
"17ASH20583",19,24,"U6202-250",2,19
"17ASH20584",19,25,"U6202-019",2,19
"17ASH20585",19,26,"LAKIN",2,19
"17ASH20586",20,26,"U6202-311",2,20
"17ASH20587",20,25,"U6202-206",2,20
"17ASH20588",20,24,"U6202-084",2,20
"17ASH20589",20,23,"U6202-267",2,20
"17ASH20590",20,22,"U6202-203",2,20
"17ASH20591",20,21,"U6202-335",2,20
"17ASH20592",20,20,"U6202-318",2,20
"17ASH20593",20,19,"U6202-317",2,20
"17ASH20594",20,18,"U6202-142",2,20
"17ASH20595",20,17,"U6202-164",2,20
"17ASH20596",20,16,"U6202-270",2,20
"17ASH20597",20,15,"U6202-168",2,20
"17ASH20598",20,14,"U6202-278",2,20
"17ASH20599",21,14,"LAKIN",2,21
"17ASH20600",21,15,"U6202-118",2,21
"17ASH20601",21,16,"U6202-031",2,21
"17ASH20602",21,17,"U6202-149",2,21
"17ASH20603",21,18,"U6202-213",2,21
"17ASH20604",21,19,"U6202-260",2,21
"17ASH20605",21,20,"U6202-159",2,21
"17ASH20606",21,21,"U6202-043",2,21
"17ASH20607",21,22,"U6202-239",2,21
"17ASH20608",21,23,"U6202-052",2,21
"17ASH20609",21,24,"U6202-078",2,21
"17ASH20610",21,25,"U6202-329",2,21
"17ASH20611",21,26,"U6202-281",2,21
"17ASH20612",22,26,"U6202-216",2,22
"17ASH20613",22,25,"U6202-280",2,22
"17ASH20614",22,24,"LAKIN",2,22
"17ASH20615",22,23,"U6202-229",2,22
"17ASH20616",22,22,"U6202-097",2,22
"17ASH20617",22,21,"U6202-063",2,22
"17ASH20618",22,20,"U6202-162",2,22
"17ASH20619",22,19,"U6202-122",2,22
"17ASH20620",22,18,"FULLER",2,22
"17ASH20621",22,17,"U6202-301",2,22
"17ASH20622",22,16,"U6202-294",2,22
"17ASH20623",22,15,"U6202-174",2,22
"17ASH20624",22,14,"U6202-242",2,22
"17ASH20625",23,14,"U6202-178",2,23
"17ASH20626",23,15,"U6202-323",2,23
"17ASH20627",23,16,"U6202-094",2,23
"17ASH20628",23,17,"U6202-115",2,23
"17ASH20629",23,18,"U6202-231",2,23
"17ASH20630",23,19,"U6202-257",2,23
"17ASH20631",23,20,"FULLER",2,23
"17ASH20632",23,21,"U6202-051",2,23
"17ASH20633",23,22,"U6202-102",2,23
"17ASH20634",23,23,"U6202-220",2,23
"17ASH20635",23,24,"U6202-202",2,23
"17ASH20636",23,25,"U6202-110",2,23
"17ASH20637",23,26,"U6202-348",2,23
"17ASH20638",24,26,"U6202-325",2,24
"17ASH20639",24,25,"U6202-088",2,24
"17ASH20640",24,24,"U6202-171",2,24
"17ASH20641",24,23,"U6202-210",2,24
"17ASH20642",24,22,"U6202-071",2,24
"17ASH20643",24,21,"U6202-012",2,24
"17ASH20644",24,20,"U6202-184",2,24
"17ASH20645",24,19,"U6202-304",2,24
"17ASH20646",24,18,"U6202-021",2,24
"17ASH20647",24,17,"U6202-131",2,24
"17ASH20648",24,16,"FULLER",2,24
"17ASH20649",24,15,"U6202-062",2,24
"17ASH20650",24,14,"U6202-047",2,24
"17ASH20651",25,14,"U6202-261",2,25
"17ASH20652",25,15,"U6202-346",2,25
"17ASH20653",25,16,"U6202-305",2,25
"17ASH20654",25,17,"U6202-359",2,25
"17ASH20655",25,18,"U6202-182",2,25
"17ASH20656",25,19,"U6202-185",2,25
"17ASH20657",25,20,"U6202-070",2,25
"17ASH20658",25,21,"U6202-066",2,25
"17ASH20659",25,22,"U6202-222",2,25
"17ASH20660",25,23,"U6202-312",2,25
"17ASH20661",25,24,"U6202-156",2,25
"17ASH20662",25,25,"U6202-192",2,25
"17ASH20663",25,26,"U6202-249",2,25
"17ASH20664",26,26,"U6202-368",2,26
"17ASH20665",26,25,"U6202-096",2,26
"17ASH20666",26,24,"LAKIN",2,26
"17ASH20667",26,23,"U6202-355",2,26
"17ASH20668",26,22,"U6202-036",2,26
"17ASH20669",26,21,"U6202-321",2,26
"17ASH20670",26,20,"U6202-338",2,26
"17ASH20671",26,19,"U6202-314",2,26
"17ASH20672",26,18,"U6202-129",2,26
"17ASH20673",26,17,"U6202-161",2,26
"17ASH20674",26,16,"U6202-111",2,26
"17ASH20675",26,15,"U6202-158",2,26
"17ASH20676",26,14,"U6202-266",2,26
